order_date,region,total_sales,total_profit,total_quantity
2014-01-12,Central,76.728,-53.7096,3
2014-01-12,East,9.94,3.0814,2
2014-01-12,South,2625.76,767.7031999999999,10
2014-01-19,East,189.064,-24.6872,10
2014-01-19,South,545.94,87.3504,6
2014-01-19,West,515.469,-316.6676,8
2014-01-26,Central,429.63,74.6331,8
2014-01-26,South,1207.028,275.20320000000004,16
2014-01-26,West,19.3,5.79,2
2014-02-02,West,623.6659999999999,-13.2304,5
2014-02-09,West,14.56,5.5328,2
2014-02-16,Central,393.83,68.4929,4
2014-02-16,South,1256.22,75.3732,6
2014-02-16,West,129.568,-24.294,2
2014-02-23,Central,45.480000000000004,-4.413199999999999,9
2014-03-02,Central,1436.4270000000001,-250.1004,21
2014-03-02,West,457.568,51.4764,2
2014-03-09,East,302.45,-199.617,5
2014-03-09,West,1593.336,58.0035,12
2014-03-16,East,8.32,2.288,5
2014-03-16,South,1185.616,290.12080000000003,7
2014-03-23,East,3265.23,-1124.0239,14
2014-03-23,South,429.456,25.9194,17
2014-03-23,West,1623.6819999999998,49.55539999999999,15
2014-03-30,Central,2202.8630000000003,-55.183800000000005,14
2014-03-30,East,697.374,-78.04839999999999,8
2014-03-30,West,246.146,2.4748,4
2014-04-06,Central,5.47,2.3521,1
2014-04-06,East,154.764,-36.1116,3
2014-04-06,South,1303.1680000000001,144.677,9
2014-04-06,West,778.6199999999999,139.6496,12
2014-04-13,East,172.11,-94.6605,1
2014-04-13,South,1224.88,318.9168,10
2014-04-13,West,408.091,-15.6572,4
2014-04-20,Central,1462.748,-245.73860000000002,10
2014-04-20,West,323.82,131.1938,11
2014-04-27,East,303.708,-4.2412,6
2014-04-27,West,2020.57,235.4145,13
2014-05-04,East,44.92,15.822,4
2014-05-04,South,613.544,83.18799999999999,4
2014-05-04,West,12.18,3.8976,7
2014-05-11,Central,1406.941,-162.73829999999998,15
2014-05-11,East,1416.535,-11.578699999999998,13
2014-05-11,West,256.784,32.098,1
2014-05-18,Central,34.79,10.7849,7
2014-05-18,East,849.288,-126.2796,6
2014-05-18,South,310.88,23.316,2
2014-05-18,West,512.336,38.425200000000004,11
2014-05-25,Central,147.424,-59.3823,7
2014-05-25,East,139.86,60.1398,7
2014-06-01,Central,2717.087,390.5632,12
2014-06-01,South,22.2,9.102,6
2014-06-01,West,1083.0819999999999,21.530399999999997,14
2014-06-08,Central,330.479,-249.7729,10
2014-06-08,East,1416.252,-363.5374,9
2014-06-08,South,170.352,10.647,3
2014-06-08,West,1174.752,208.6836,15
2014-06-15,Central,1110.802,-18.058400000000006,9
2014-06-15,South,1441.3,245.021,7
2014-06-15,West,1792.444,113.6906,18
2014-06-22,Central,840.9056,12.517600000000002,12
2014-06-22,East,1027.972,-4.211399999999999,9
2014-06-22,South,104.01,14.5614,1
2014-06-22,West,6.24,2.6208,3
2014-06-29,East,1228.465,0.0,5
2014-06-29,South,85.98,22.3548,1
2014-06-29,West,452.11199999999997,12.1572,7
2014-07-06,South,232.73600000000002,21.3592,5
2014-07-06,West,478.48,47.848,2
2014-07-13,Central,512.358,-14.6388,3
2014-07-13,East,1284.126,241.84840000000003,17
2014-07-13,West,1795.0249999999999,-80.1022,14
2014-07-20,Central,998.112,-154.425,7
2014-07-20,East,102.54400000000001,-2.8326000000000002,3
2014-07-20,West,302.156,-10.4264,7
2014-07-27,Central,675.4259999999999,-104.05019999999999,8
2014-07-27,South,93.59,27.583199999999998,5
2014-07-27,West,2848.77,129.2047,29
2014-08-03,South,174.01600000000002,25.124,10
2014-08-03,West,1586.59,98.01459999999997,10
2014-08-10,Central,543.11,64.5636,8
2014-08-10,East,1133.35,294.671,5
2014-08-10,South,155.456,-7.7728,4
2014-08-10,West,789.28,109.9974,19
2014-08-17,East,853.092,-227.4912,6
2014-08-17,West,292.926,24.8508,8
2014-08-24,Central,421.372,-6.0196,2
2014-08-24,East,13.28,6.3744,2
2014-08-24,South,1139.06,317.55100000000004,22
2014-08-24,West,293.464,27.2988,10
2014-08-31,East,10.68,4.0584,4
2014-08-31,South,1406.1185,202.49210000000002,10
2014-08-31,West,6.28,2.6376,1
2014-09-07,Central,1672.225,371.51649999999995,17
2014-09-07,East,113.078,13.4233,3
2014-09-07,South,31.984,1.999,2
2014-09-07,West,41.88,12.1452,6
2014-09-14,Central,3097.396,-42.1294,27
2014-09-14,East,5541.272,632.264,37
2014-09-14,South,155.52800000000002,56.4623,8
2014-09-14,West,2605.1,297.9796,16
2014-09-21,Central,1119.674,-485.648,13
2014-09-21,East,2966.109,418.14959999999996,23
2014-09-21,West,109.25500000000001,-32.3981,3
2014-09-28,Central,300.5328,-97.2312,2
2014-09-28,East,785.692,161.1966,11
2014-09-28,South,337.088,16.8544,4
2014-09-28,West,1771.039,139.00560000000002,13
2014-10-05,Central,290.055,-89.1699,6
2014-10-05,East,1198.458,-66.993,15
2014-10-05,West,2825.364,472.8026,17
2014-10-12,East,129.92,21.112,5
2014-10-12,South,8.92,3.9248,4
2014-10-12,West,666.2620000000001,-28.714200000000005,23
2014-10-19,Central,5.312,-1.5936,2
2014-10-19,East,2058.172,279.8102,13
2014-10-19,South,1166.604,220.2843,13
2014-10-19,West,1298.55,311.652,5
2014-10-26,East,503.47799999999995,-109.9674,7
2014-10-26,South,1049.83,-25.12109999999999,11
2014-10-26,West,63.92,3.196,4
2014-11-02,East,3634.404,-251.3491999999999,33
2014-11-02,West,763.35,-45.440999999999995,9
2014-11-09,Central,683.144,0.0,4
2014-11-09,East,465.97,11.438400000000001,12
2014-11-09,South,1505.288,-310.0824,14
2014-11-09,West,851.7739999999999,-31.819199999999995,14
2014-11-16,Central,1503.2852,26.854099999999992,15
2014-11-16,East,615.192,-228.12879999999998,8
2014-11-16,West,1754.7965,172.7035,22
2014-11-23,Central,1759.34,-126.28439999999999,24
2014-11-23,East,5876.372,112.07090000000001,27
2014-11-23,West,1999.08,6.574600000000004,15
2014-11-30,Central,1244.1309999999999,-140.3109,13
2014-11-30,East,1175.038,-3.085000000000001,20
2014-11-30,South,508.75,92.642,10
2014-11-30,West,1432.988,69.27159999999999,16
2014-12-07,Central,3829.92,466.237,32
2014-12-07,East,2157.988,-53.78779999999999,29
2014-12-07,West,333.69,-142.2858,4
2014-12-14,Central,94.428,-42.4926,3
2014-12-14,East,136.53,-52.3365,1
2014-12-14,South,186.304,13.9728,4
2014-12-14,West,5845.1525,353.25690000000003,44
2014-12-21,Central,837.016,-106.82379999999999,16
2014-12-21,East,828.836,-93.4348,13
2014-12-21,South,6225.612,943.374,41
2014-12-21,West,3888.348,257.84659999999997,25
2014-12-28,Central,633.51,-28.3506,9
2014-12-28,East,1033.2420000000002,132.91150000000002,24
2014-12-28,South,64.784,6.4784,1
2014-12-28,West,1299.142,122.3767,26
2015-01-04,Central,1400.1096,-493.01399999999995,15
2015-01-04,East,3560.742,13.821000000000026,28
2015-01-04,South,192.22,69.1992,14
2015-01-04,West,95.46000000000001,32.2074,11
2015-01-11,East,1018.104,-373.3048,4
2015-01-11,West,61.584,-6.9282,1
2015-01-18,Central,254.744,-312.0614,7
2015-01-18,West,542.45,130.994,13
2015-01-25,Central,301.742,-21.712200000000003,5
2015-02-01,Central,53.34,16.5354,3
2015-02-01,East,181.986,-54.5958,2
2015-02-01,South,4297.644,-1862.3124,13
2015-02-01,West,3031.28,81.8496,12
2015-02-08,Central,28.4,11.076,2
2015-02-08,East,1643.6219999999998,363.936,14
2015-02-08,West,136.92,41.076,4
2015-02-15,Central,40.784,-30.588,2
2015-02-15,West,203.92,22.941,5
2015-02-22,West,35.544,-0.8886,1
2015-03-01,Central,1227.9984,-36.1176,6
2015-03-01,East,493.92,-28.224,7
2015-03-01,South,551.264,15.566400000000002,10
2015-03-01,West,184.752,-20.7846,3
2015-03-08,Central,1751.662,367.056,18
2015-03-08,East,516.547,51.3817,11
2015-03-08,West,1222.79,261.1385,10
2015-03-15,South,37.288,5.3018,7
2015-03-15,West,1384.856,234.4744,14
2015-03-22,Central,383.4656,-67.6704,4
2015-03-22,West,307.05,78.4574,5
2015-03-29,Central,466.83,-65.1582,5
2015-03-29,South,1166.92,131.2785,5
2015-03-29,West,3460.5,633.5559999999999,16
2015-04-05,Central,389.124,-117.8562,7
2015-04-05,East,1015.5699999999999,-254.728,12
2015-04-05,West,892.224,89.2224,3
2015-04-12,South,121.888,24.4176,5
2015-04-12,West,369.912,-13.8717,3
2015-04-19,Central,974.188,-158.7661,10
2015-04-19,East,127.764,2.8392,2
2015-04-19,South,1720.12,245.2684,16
2015-04-19,West,990.08,-97.01180000000001,7
2015-04-26,Central,536.48,-29.616799999999998,5
2015-04-26,South,2117.7115,195.4144,22
2015-04-26,West,63.936,6.3936,3
2015-05-03,Central,213.115,-15.2225,5
2015-05-03,East,2176.826,308.13509999999997,20
2015-05-03,South,63.552,14.2992,3
2015-05-03,West,665.88,106.5408,6
2015-05-10,Central,390.254,-29.131,12
2015-05-10,East,242.356,65.598,13
2015-05-17,Central,21.968,-15.9268,4
2015-05-17,West,1644.7555,168.3751,20
2015-05-24,Central,677.981,-143.99089999999998,16
2015-05-24,South,163.136,20.392,4
2015-05-31,Central,2830.016,675.2968,16
2015-05-31,East,389.106,-78.1326,15
2015-05-31,West,1441.83,153.4405,11
2015-06-07,East,1557.918,181.1772,12
2015-06-14,East,94.368,9.4368,8
2015-06-14,South,1374.96,-119.07990000000001,17
2015-06-14,West,355.36,92.3936,4
2015-06-21,Central,197.372,-25.3764,2
2015-06-21,South,703.976,75.7432,7
2015-06-21,West,750.52,99.82280000000002,23
2015-06-28,Central,871.809,-546.3711,16
2015-06-28,East,482.94,-376.6932,6
2015-06-28,South,360.36,89.22840000000001,6
2015-06-28,West,826.61,103.99,9
2015-07-05,Central,790.538,-98.63419999999999,8
2015-07-05,East,589.338,30.165299999999995,13
2015-07-05,South,240.676,52.401,15
2015-07-12,Central,391.367,-7.6141000000000005,10
2015-07-12,East,1510.168,80.416,34
2015-07-12,West,170.352,-17.0352,3
2015-07-19,East,2089.4,367.76439999999997,11
2015-07-19,South,231.92,5.798,5
2015-07-19,West,2814.006,-296.12489999999997,19
2015-07-26,Central,1298.374,-178.67759999999998,9
2015-07-26,East,128.82,50.2398,3
2015-07-26,South,379.52,45.516400000000004,5
2015-07-26,West,1925.985,-106.6578,13
2015-08-02,Central,155.88,38.97,6
2015-08-02,East,1201.762,-275.338,8
2015-08-02,West,1287.7559999999999,-362.24760000000003,13
2015-08-09,Central,1906.7492,93.67099999999999,21
2015-08-09,East,446.02599999999995,-127.4112,17
2015-08-09,West,144.784,10.8588,1
2015-08-16,East,555.822,-204.9996,6
2015-08-16,South,46.152,12.1149,3
2015-08-16,West,135.79,38.5569,10
2015-08-23,East,624.442,-46.6446,4
2015-08-23,West,1130.406,75.2946,9
2015-08-30,Central,1050.25,-154.9166,13
2015-08-30,East,299.274,-71.2083,5
2015-08-30,West,352.61,35.2922,5
2015-09-06,Central,6.16,2.9568,2
2015-09-06,East,456.86400000000003,102.93620000000001,5
2015-09-06,South,153.94,34.5876,5
2015-09-06,West,2816.902,326.579,22
2015-09-13,Central,1913.6740000000002,377.45779999999996,14
2015-09-13,East,1090.1499999999999,3.2808999999999977,13
2015-09-13,South,151.29000000000002,21.1098,11
2015-09-13,West,1232.94,201.1793,28
2015-09-20,Central,21.936,-10.4196,2
2015-09-20,East,10030.622,-1609.2278000000001,26
2015-09-20,South,1992.46,511.77099999999996,16
2015-09-20,West,1168.126,139.8675,13
2015-09-27,Central,1631.636,411.1296,21
2015-09-27,East,730.822,162.5042,6
2015-09-27,South,2255.52,588.7954,12
2015-09-27,West,2172.812,286.5654,16
2015-10-04,East,100.434,-9.121200000000002,4
2015-10-04,South,392.94,43.2234,3
2015-10-04,West,131.698,21.488599999999998,3
2015-10-11,Central,462.75,-35.8632,6
2015-10-11,South,957.5775,-383.031,5
2015-10-11,West,865.498,-110.0024,13
2015-10-18,Central,2601.946,-439.5672,13
2015-10-18,East,1735.158,145.3904,8
2015-10-18,South,287.94,77.7438,3
2015-10-18,West,10.11,3.2352,3
2015-10-25,Central,347.361,-69.4722,7
2015-10-25,East,291.1,75.686,5
2015-10-25,West,3020.444,8.789000000000009,46
2015-11-01,East,792.428,141.9922,11
2015-11-01,South,359.16999999999996,67.3649,14
2015-11-01,West,764.4570000000001,43.9136,9
2015-11-08,Central,64.96,-84.448,5
2015-11-08,East,9889.59,2083.4092,36
2015-11-08,South,398.252,68.3274,7
2015-11-08,West,1948.309,106.2727,21
2015-11-15,Central,1685.0952000000002,202.482,22
2015-11-15,East,376.11,83.64330000000001,6
2015-11-15,South,710.016,-41.2131,10
2015-11-15,West,1963.864,97.3065,21
2015-11-22,Central,2864.7388,483.46,23
2015-11-22,East,2243.75,-566.1368,25
2015-11-22,South,308.52799999999996,-31.522799999999997,4
2015-11-22,West,2095.572,73.78760000000001,30
2015-11-29,Central,1572.9620000000002,18.484099999999984,25
2015-11-29,East,1117.888,139.4052,19
2015-11-29,South,1067.9295,33.4203,14
2015-11-29,West,363.68,40.077799999999996,9
2015-12-06,Central,6.688,-4.0128,4
2015-12-06,East,2172.408,191.7734,38
2015-12-06,South,528.2080000000001,49.876200000000004,9
2015-12-06,West,7346.503000000001,880.7502,49
2015-12-13,Central,993.9200000000001,233.1232,4
2015-12-13,East,542.94,141.1644,3
2015-12-13,South,283.92,70.98,4
2015-12-13,West,1137.21,-280.5938,32
2015-12-20,Central,1604.7,146.8729,22
2015-12-20,East,1316.028,-36.3146,11
2015-12-20,South,26.48,5.527200000000001,7
2015-12-20,West,332.39599999999996,32.248400000000004,10
2015-12-27,Central,1241.9312,-161.4384,15
2015-12-27,East,3092.611,-473.2846,27
2015-12-27,South,460.336,71.0992,11
2015-12-27,West,3099.98,-329.5354,26
2016-01-03,Central,1607.61,338.988,12
2016-01-03,East,173.94,38.2668,3
2016-01-10,Central,1588.9560000000001,396.1677,9
2016-01-10,East,15.168,3.792,2
2016-01-10,West,104.77000000000001,42.0691,9
2016-01-17,East,559.379,57.8716,18
2016-01-17,South,315.776,31.5776,8
2016-01-24,South,465.408,-63.3888,12
2016-01-24,West,1336.9460000000001,129.2152,21
2016-01-31,Central,626.1,-538.446,3
2016-01-31,East,359.702,-91.5287,4
2016-01-31,West,483.748,-52.062799999999996,5
2016-02-07,Central,73.784,-77.4732,2
2016-02-07,South,1276.134,274.1402,20
2016-02-07,West,572.096,10.922799999999999,6
2016-02-14,Central,241.5,0.0,4
2016-02-14,East,560.991,-42.5334,9
2016-02-21,Central,62.958,-2.6982,3
2016-02-21,East,803.816,186.5698,19
2016-02-21,South,318.08,34.9888,4
2016-02-28,Central,16.192,-6.8816,2
2016-03-06,Central,1506.346,-478.0126,15
2016-03-06,East,836.592,-264.9208,8
2016-03-06,West,35.28,11.9952,3
2016-03-13,Central,557.585,0.0,5
2016-03-13,East,1306.306,83.5148,22
2016-03-13,South,307.15999999999997,68.6203,9
2016-03-13,West,798.632,84.388,5
2016-03-20,Central,1483.6619999999998,-6.871000000000009,16
2016-03-20,East,1028.68,272.6801,15
2016-03-20,South,276.332,-56.903000000000006,10
2016-03-20,West,1621.11,-36.438,7
2016-03-27,Central,627.8019999999999,-1.4196,7
2016-03-27,East,301.47,-241.176,3
2016-03-27,South,60.16,19.8808,5
2016-03-27,West,167.888,14.6902,7
2016-04-03,Central,2370.136,364.1448,15
2016-04-03,East,2359.4629999999997,303.656,25
2016-04-03,South,7.04,3.0976,4
2016-04-10,Central,95.984,-4.1136,4
2016-04-10,East,1130.09,148.9668,11
2016-04-10,South,514.8199999999999,120.709,9
2016-04-10,West,581.365,16.923000000000002,10
2016-04-17,East,9.96,3.2868,2
2016-04-17,South,441.664,95.79400000000001,17
2016-04-17,West,3529.043,99.2826,24
2016-04-24,Central,558.8720000000001,-151.9474,11
2016-04-24,East,205.176,-58.1332,2
2016-04-24,West,2653.51,-647.8524,20
2016-05-01,Central,52.952,-42.034800000000004,5
2016-05-01,East,434.646,62.7822,3
2016-05-01,South,370.62,-142.071,3
2016-05-01,West,153.45600000000002,24.9756,9
2016-05-08,Central,366.744,-110.0232,4
2016-05-08,East,1052.344,239.2185,30
2016-05-08,South,203.776,15.035,14
2016-05-08,West,2097.344,340.15340000000003,15
2016-05-15,East,89.404,34.1778,4
2016-05-15,South,30.192,8.3028,3
2016-05-22,Central,22.608,-10.1736,3
2016-05-22,East,423.206,24.817600000000002,18
2016-05-22,South,641.96,179.7488,2
2016-05-22,West,1332.04,292.59079999999994,9
2016-05-29,Central,3951.0299999999997,588.4774,18
2016-05-29,East,41.37,17.3754,3
2016-05-29,South,459.99199999999996,-3.604999999999997,15
2016-05-29,West,521.754,-68.5212,9
2016-06-05,Central,883.1800000000001,-514.4584,27
2016-06-05,East,197.904,25.9102,5
2016-06-05,South,2275.5,386.835,10
2016-06-05,West,1040.496,60.0696,12
2016-06-12,Central,1091.8400000000001,40.3698,14
2016-06-12,East,596.0,53.3196,8
2016-06-12,West,2360.744,-169.4317,10
2016-06-19,East,1033.452,-324.471,10
2016-06-19,West,4005.7070000000003,509.8753,31
2016-06-26,Central,175.648,-8.605699999999999,7
2016-06-26,East,813.366,-49.4526,8
2016-06-26,West,183.70800000000003,-1.6578,5
2016-07-03,Central,1068.088,-7.7094,8
2016-07-03,East,121.96,20.7332,2
2016-07-03,South,1266.86,291.3778,7
2016-07-03,West,195.184,19.5184,1
2016-07-10,Central,313.66,-41.608000000000004,10
2016-07-10,East,573.286,87.40960000000001,6
2016-07-10,West,2496.4629999999997,387.30240000000003,27
2016-07-17,Central,9.552,-3.8208,3
2016-07-17,East,579.136,21.7176,4
2016-07-17,South,51.75,15.525,1
2016-07-17,West,298.25,48.5532,15
2016-07-24,East,292.832,43.687200000000004,7
2016-07-24,South,1195.21,241.7396,17
2016-07-24,West,1398.3600000000001,51.480000000000004,6
2016-07-31,Central,1099.1200000000001,-233.7942,22
2016-07-31,East,177.45,-78.078,5
2016-07-31,South,2430.08,388.8128,8
2016-07-31,West,1429.756,90.46249999999999,22
2016-08-07,East,19.312,3.1382,2
2016-08-07,South,109.8,46.116,9
2016-08-07,West,136.464,15.3522,2
2016-08-14,Central,241.96,24.196,2
2016-08-14,East,354.91200000000003,-74.3282,4
2016-08-14,South,562.2925,-255.5875,7
2016-08-14,West,513.024,12.8256,2
2016-08-21,Central,14.896,-5.9584,7
2016-08-21,East,1388.466,-276.019,16
2016-08-21,South,225.296,22.5296,2
2016-08-21,West,3360.366,236.2212,14
2016-08-28,Central,1651.5367999999999,6.1828,15
2016-08-28,East,244.615,20.967,1
2016-08-28,South,186.54,41.0388,3
2016-08-28,West,2234.168,70.076,13
2016-09-04,Central,366.968,-166.09320000000002,9
2016-09-04,East,1847.984,-265.2506,23
2016-09-04,South,515.1179999999999,-133.0167,6
2016-09-04,West,950.694,81.7119,22
2016-09-11,Central,3951.9756,-675.7474000000001,32
2016-09-11,East,2081.103,42.27629999999999,24
2016-09-11,South,1652.94,314.0586,3
2016-09-11,West,189.17,1.8857,2
2016-09-18,Central,1336.44,387.5676,14
2016-09-18,East,1153.826,277.1316,20
2016-09-18,South,1915.318,254.5066,11
2016-09-18,West,3783.312,270.1084,29
2016-09-25,Central,1118.882,46.8875,20
2016-09-25,East,1614.028,215.8416,19
2016-09-25,South,497.73,77.5467,8
2016-09-25,West,2418.911,56.1916,33
2016-10-02,Central,2201.0378,-446.8207,20
2016-10-02,East,854.508,-141.9018,6
2016-10-02,West,619.8054999999999,32.176,9
2016-10-09,Central,89.792,-61.832,13
2016-10-09,East,1171.496,44.323600000000006,12
2016-10-09,South,11.568,2.6028,3
2016-10-09,West,1084.704,102.9528,6
2016-10-16,Central,153.92,-156.714,9
2016-10-16,East,224.442,-4.188600000000001,4
2016-10-16,South,102.592,10.2592,1
2016-10-16,West,1007.196,-617.7664,26
2016-10-23,Central,104.24199999999999,-16.645400000000002,13
2016-10-23,East,1826.076,52.105599999999995,7
2016-10-23,South,146.588,39.190799999999996,11
2016-10-23,West,1179.758,39.769800000000004,19
2016-10-30,Central,67.0,32.16,5
2016-10-30,East,1302.244,213.7772,26
2016-10-30,South,567.9480000000001,130.703,9
2016-11-06,Central,2266.2508000000003,-394.2002,25
2016-11-06,East,962.99,-27.514,12
2016-11-06,South,3068.148,9.513799999999975,35
2016-11-06,West,3058.682,7.508499999999998,28
2016-11-13,Central,3203.764,297.6582,27
2016-11-13,East,3855.182,3.937999999999999,28
2016-11-13,South,993.9000000000001,261.49559999999997,5
2016-11-13,West,3293.54,314.3154,32
2016-11-20,Central,884.894,-65.92320000000001,18
2016-11-20,East,943.53,18.4024,15
2016-11-20,South,919.592,-188.6488,6
2016-11-20,West,31.96,1.598,2
2016-11-27,Central,1568.61,329.4081,9
2016-11-27,East,996.266,22.247400000000006,28
2016-11-27,South,670.943,-105.85539999999999,12
2016-11-27,West,6168.484,712.6448,32
2016-12-04,Central,2376.936,-306.52110000000005,30
2016-12-04,East,2878.269,172.6737,35
2016-12-04,South,182.67,52.9743,3
2016-12-04,West,649.49,57.7068,18
2016-12-11,Central,4653.53,1003.0854000000002,28
2016-12-11,East,882.36,-258.47749999999996,10
2016-12-11,South,1328.654,204.015,13
2016-12-11,West,3418.008,-56.35460000000002,29
2016-12-18,Central,2269.2,358.9332,13
2016-12-18,East,457.27000000000004,218.37550000000002,9
2016-12-18,South,133.38,58.6872,6
2016-12-18,West,5326.941,-654.0499,45
2016-12-25,Central,143.70000000000002,-14.8938,4
2016-12-25,East,4867.478,550.5816,31
2016-12-25,South,935.53,311.0192,15
2016-12-25,West,3948.249,682.1906,39
2017-01-01,Central,2122.6620000000003,-141.74869999999999,28
2017-01-01,East,432.622,34.1096,8
2017-01-01,West,1523.4940000000001,227.6241,17
2017-01-08,Central,913.43,-169.637,5
2017-01-08,West,892.98,80.3682,2
2017-01-15,Central,231.9,61.766999999999996,5
2017-01-15,East,37.68,15.8256,2
2017-01-22,Central,302.67,72.6408,3
2017-01-22,East,1127.085,-54.673500000000004,8
2017-01-22,West,512.572,11.804699999999999,12
2017-01-29,Central,225.89,25.7201,5
2017-01-29,South,62.72,24.4608,4
2017-01-29,West,37.74,12.8316,3
2017-02-05,Central,126.155,-58.736399999999996,9
2017-02-05,South,419.136,-68.1096,4
2017-02-05,West,417.624,28.375,5
2017-02-12,Central,3.984,-2.6892,2
2017-02-12,East,388.352,26.4088,3
2017-02-12,South,359.97,79.1934,3
2017-02-12,West,1188.2389999999998,131.6986,10
2017-02-19,Central,1178.2764,-298.5981,8
2017-02-19,East,1385.5439999999999,-110.9524,12
2017-02-19,West,152.2,33.566900000000004,4
2017-02-26,South,428.70399999999995,-16.340200000000003,7
2017-02-26,West,1462.028,-57.208100000000016,17
2017-03-05,Central,284.48,-30.5702,6
2017-03-05,East,441.96,101.6508,2
2017-03-05,West,570.024,-32.0229,10
2017-03-12,Central,933.408,-173.3472,4
2017-03-12,East,304.02200000000005,-6.100700000000002,10
2017-03-19,Central,172.292,-43.8268,4
2017-03-19,East,51.264,7.6896,6
2017-03-19,West,728.0899999999999,21.3958,6
2017-03-26,Central,3856.15,1030.7740000000001,21
2017-03-26,East,737.178,33.725,7
2017-03-26,West,233.98000000000002,82.68299999999999,11
2017-04-02,Central,2040.4688,-141.30419999999998,12
2017-04-02,East,44.788,9.5414,4
2017-04-02,South,1111.202,156.6917,15
2017-04-02,West,650.014,148.2302,24
2017-04-09,Central,580.8599999999999,151.0236,5
2017-04-09,East,25.472,7.6416,4
2017-04-09,South,1168.8265000000001,-334.5354,14
2017-04-16,East,353.474,35.6073,11
2017-04-16,South,210.59199999999998,-30.3712,13
2017-04-16,West,735.987,26.461399999999998,12
2017-04-23,Central,376.018,-76.4756,10
2017-04-23,East,1317.8600000000001,252.41770000000002,20
2017-04-23,South,465.088,-26.2104,7
2017-04-23,West,501.396,59.11900000000001,20
2017-04-30,Central,222.2536,-43.5509,5
2017-04-30,East,1048.35,-69.89,5
2017-04-30,South,244.38400000000001,-2.0604000000000005,14
2017-04-30,West,549.521,88.9294,16
2017-05-07,Central,2585.5548,430.4759,15
2017-05-07,East,535.8480000000001,-91.74719999999999,10
2017-05-07,South,4051.5339999999997,-473.8644,12
2017-05-07,West,390.895,-141.70080000000002,4
2017-05-14,Central,907.4259999999999,-19.8455,6
2017-05-14,East,939.29,-111.2676,17
2017-05-14,South,207.0,25.875,3
2017-05-14,West,800.589,-298.3476,15
2017-05-21,Central,24.5,-11.1669,4
2017-05-21,East,534.6099999999999,79.0678,7
2017-05-21,South,2246.112,414.999,15
2017-05-21,West,1510.204,-4.934400000000004,26
2017-05-28,Central,766.155,54.813900000000004,10
2017-05-28,East,409.7,52.4272,17
2017-05-28,South,301.96,33.2156,2
2017-05-28,West,206.288,8.276699999999998,7
2017-06-04,Central,2232.5464,466.0652,20
2017-06-04,East,384.768,-115.4304,2
2017-06-04,South,558.69,48.5884,16
2017-06-04,West,13.592,-0.3398,1
2017-06-11,Central,132.901,-86.2761,4
2017-06-11,West,2471.993,189.84959999999998,12
2017-06-18,Central,479.158,-94.2052,10
2017-06-18,East,858.24,143.04,4
2017-06-18,South,1700.196,189.2134,18
2017-06-18,West,2577.2695,187.6663,23
2017-06-25,Central,945.4449999999999,61.426500000000004,5
2017-06-25,East,1667.058,43.7284,20
2017-06-25,West,921.72,169.2724,8
2017-07-02,Central,1827.0452,-293.5544,16
2017-07-02,East,1922.486,-60.44409999999998,20
2017-07-02,South,293.072,-8.3096,5
2017-07-02,West,562.299,45.5454,6
2017-07-09,Central,858.4780000000001,-317.0424,14
2017-07-09,East,528.558,-107.6696,12
2017-07-09,South,263.23,29.441699999999997,2
2017-07-09,West,1157.576,322.1094,25
2017-07-16,East,1533.889,206.9335,25
2017-07-16,South,1134.132,180.189,9
2017-07-16,West,295.53,57.717,6
2017-07-23,Central,842.48,-74.7922,12
2017-07-23,East,585.508,57.004400000000004,14
2017-07-23,South,319.644,75.7218,10
2017-07-23,West,2694.605,-248.4301,17
2017-07-30,Central,600.7860000000001,68.382,9
2017-07-30,East,173.574,-27.612299999999998,6
2017-07-30,South,285.88,9.9022,7
2017-07-30,West,502.192,81.3124,8
2017-08-06,Central,183.372,-36.6744,2
2017-08-06,South,161.14000000000001,30.7104,8
2017-08-06,West,160.92,22.613999999999997,10
2017-08-13,Central,121.3,25.473,2
2017-08-13,East,1779.9,373.779,5
2017-08-13,South,455.632,47.6604,3
2017-08-13,West,313.854,61.1942,6
2017-08-20,Central,91.376,-24.37,6
2017-08-20,East,5017.178,-487.0748,18
2017-08-20,West,484.236,27.6483,6
2017-08-27,Central,64.96,-43.848,5
2017-08-27,East,2051.016,-430.8192,17
2017-08-27,South,869.184,225.6816,6
2017-08-27,West,1869.4279999999999,242.8519,30
2017-09-03,Central,606.66,28.84020000000001,12
2017-09-03,East,1951.013,173.1278,19
2017-09-03,West,3342.5679999999998,485.67150000000004,26
2017-09-10,Central,1960.713,-697.8487,28
2017-09-10,East,224.508,-55.8584,6
2017-09-10,South,111.32,10.3148,5
2017-09-10,West,3742.284,32.94879999999999,34
2017-09-17,Central,830.6200000000001,-143.18599999999998,10
2017-09-17,East,2232.09,349.5906,37
2017-09-17,South,758.424,194.2574,5
2017-09-17,West,4799.408,454.3773,31
2017-09-24,Central,1366.344,207.4388,8
2017-09-24,East,5621.12,1043.4257,26
2017-09-24,South,20.32,6.9088,4
2017-09-24,West,1486.336,-172.5648,27
2017-10-01,Central,269.97,51.2943,3
2017-10-01,East,964.9200000000001,-89.74759999999999,18
2017-10-01,South,419.136,-57.6312,4
2017-10-01,West,735.55,35.6978,16
2017-10-08,Central,157.74,56.7864,11
2017-10-08,East,471.046,36.1096,9
2017-10-08,South,2520.264,-1026.6153,17
2017-10-08,West,1470.558,-424.4483,27
2017-10-15,Central,1477.5910000000001,-578.8014000000001,31
2017-10-15,East,3228.964,63.206800000000015,17
2017-10-15,South,1504.52,346.0396,4
2017-10-15,West,542.42,19.3826,6
2017-10-22,Central,930.7642000000001,-41.62010000000001,7
2017-10-22,East,888.2239999999999,114.0112,19
2017-10-22,South,2648.842,-914.9543,17
2017-10-22,West,1289.769,-94.58200000000001,15
2017-10-29,Central,517.405,-81.3065,5
2017-10-29,East,1193.4,-47.059200000000004,24
2017-10-29,South,434.802,76.25489999999999,8
2017-10-29,West,746.241,16.0278,6
2017-11-05,Central,267.198,-76.631,4
2017-11-05,East,561.876,-37.7324,14
2017-11-05,South,1549.616,110.89250000000001,9
2017-11-05,West,6192.15,363.6827,50
2017-11-12,Central,395.368,-465.02119999999996,13
2017-11-12,East,1121.424,25.565799999999975,26
2017-11-12,South,117.19200000000001,20.8107,7
2017-11-12,West,4684.582,200.75689999999997,38
2017-11-19,Central,2369.309,-381.809,32
2017-11-19,East,422.68399999999997,78.6478,10
2017-11-19,South,1381.08,268.7048,14
2017-11-19,West,3034.5620000000004,242.97580000000002,20
2017-11-26,Central,2256.879,309.2645,20
2017-11-26,East,1802.8220000000001,227.5834,35
2017-11-26,South,1663.028,75.0366,11
2017-11-26,West,1192.1670000000001,-31.2198,16
2017-12-03,Central,386.342,-16.8634,10
2017-12-03,East,8364.310000000001,208.60659999999996,58
2017-12-03,South,2975.53,-416.982,16
2017-12-03,West,4281.99,46.57509999999995,68
2017-12-10,Central,1342.568,262.5324,10
2017-12-10,East,1838.1860000000001,111.1637,49
2017-12-10,South,116.244,35.549400000000006,11
2017-12-10,West,5497.406,110.47330000000001,45
2017-12-17,Central,1897.884,-499.495,17
2017-12-17,East,1002.604,-27.197599999999998,8
2017-12-17,South,1291.559,-351.363,12
2017-12-17,West,447.772,97.9313,20
2017-12-24,Central,2721.88,609.7419,18
2017-12-24,East,1900.9820000000002,302.1637,20
2017-12-24,South,1382.5,-134.19799999999998,16
2017-12-24,West,1268.681,-220.18019999999999,22
2017-12-31,Central,203.1528,-18.6316,9
2017-12-31,East,830.1400000000001,-76.84620000000001,10
2017-12-31,South,2093.02,560.8351,20
2017-12-31,West,911.252,-17.360400000000002,22
