order_date,region,category,weekly_sales,total_quantity,avg_discount,total_profit
2014-01-12,Central,Furniture,76.728,3,0.6,-53.7096
2014-01-12,East,Furniture,9.94,2,0.0,3.0814
2014-01-12,South,Furniture,2625.76,10,0.0,767.7031999999999
2014-01-19,East,Furniture,189.064,10,0.35,-24.6872
2014-01-19,South,Furniture,545.94,6,0.0,87.3504
2014-01-19,West,Furniture,515.469,8,0.425,-316.6676
2014-01-26,Central,Furniture,429.63,8,0.0,74.6331
2014-01-26,South,Furniture,1207.028,16,0.04,275.20320000000004
2014-01-26,West,Furniture,19.3,2,0.0,5.79
2014-02-02,West,Furniture,623.6659999999999,5,0.175,-13.2304
2014-02-09,West,Furniture,14.56,2,0.0,5.5328
2014-02-16,Central,Furniture,393.83,4,0.0,68.4929
2014-02-16,South,Furniture,1256.22,6,0.0,75.3732
2014-02-16,West,Furniture,129.568,2,0.2,-24.294
2014-02-23,Central,Furniture,45.480000000000004,9,0.3,-4.413199999999999
2014-03-02,Central,Furniture,1436.4270000000001,21,0.375,-250.1004
2014-03-02,West,Furniture,457.568,2,0.2,51.4764
2014-03-09,East,Furniture,302.45,5,0.5,-199.617
2014-03-09,West,Furniture,1593.336,12,0.2,58.0035
2014-03-16,East,Furniture,8.32,5,0.2,2.288
2014-03-16,South,Furniture,1185.616,7,0.1,290.12080000000003
2014-03-23,East,Furniture,3265.23,14,0.4000000000000001,-1124.0239
2014-03-23,South,Furniture,429.456,17,0.20000000000000004,25.9194
2014-03-23,West,Furniture,1623.6819999999998,15,0.11666666666666665,49.55539999999999
2014-03-30,Central,Furniture,2202.8630000000003,14,0.19999999999999998,-55.183800000000005
2014-03-30,East,Furniture,697.374,8,0.25,-78.04839999999999
2014-03-30,West,Furniture,246.146,4,0.075,2.4748
2014-04-06,Central,Furniture,5.47,1,0.0,2.3521
2014-04-06,East,Furniture,154.764,3,0.4,-36.1116
2014-04-06,South,Furniture,1303.1680000000001,9,0.1,144.677
2014-04-06,West,Furniture,778.6199999999999,12,0.0,139.6496
2014-04-13,East,Furniture,172.11,1,0.4,-94.6605
2014-04-13,South,Furniture,1224.88,10,0.0,318.9168
2014-04-13,West,Furniture,408.091,4,0.175,-15.6572
2014-04-20,Central,Furniture,1462.748,10,0.3,-245.73860000000002
2014-04-20,West,Furniture,323.82,11,0.0,131.1938
2014-04-27,East,Furniture,303.708,6,0.25,-4.2412
2014-04-27,West,Furniture,2020.57,13,0.13333333333333333,235.4145
2014-05-04,East,Furniture,44.92,4,0.0,15.822
2014-05-04,South,Furniture,613.544,4,0.1,83.18799999999999
2014-05-04,West,Furniture,12.18,7,0.0,3.8976
2014-05-11,Central,Furniture,1406.941,15,0.39999999999999997,-162.73829999999998
2014-05-11,East,Furniture,1416.535,13,0.26666666666666666,-11.578699999999998
2014-05-11,West,Furniture,256.784,1,0.2,32.098
2014-05-18,Central,Furniture,34.79,7,0.0,10.7849
2014-05-18,East,Furniture,849.288,6,0.25,-126.2796
2014-05-18,South,Furniture,310.88,2,0.2,23.316
2014-05-18,West,Furniture,512.336,11,0.2,38.425200000000004
2014-05-25,Central,Furniture,147.424,7,0.5,-59.3823
2014-05-25,East,Furniture,139.86,7,0.0,60.1398
2014-06-01,Central,Furniture,2717.087,12,0.26666666666666666,390.5632
2014-06-01,South,Furniture,22.2,6,0.0,9.102
2014-06-01,West,Furniture,1083.0819999999999,14,0.18333333333333335,21.530399999999997
2014-06-08,Central,Furniture,330.479,10,0.55,-249.7729
2014-06-08,East,Furniture,1416.252,9,0.15000000000000002,-363.5374
2014-06-08,South,Furniture,170.352,3,0.2,10.647
2014-06-08,West,Furniture,1174.752,15,0.06666666666666667,208.6836
2014-06-15,Central,Furniture,1110.802,9,0.19999999999999998,-18.058400000000006
2014-06-15,South,Furniture,1441.3,7,0.0,245.021
2014-06-15,West,Furniture,1792.444,18,0.06666666666666667,113.6906
2014-06-22,Central,Furniture,840.9056,12,0.16,12.517600000000002
2014-06-22,East,Furniture,1027.972,9,0.26666666666666666,-4.211399999999999
2014-06-22,South,Furniture,104.01,1,0.0,14.5614
2014-06-22,West,Furniture,6.24,3,0.0,2.6208
2014-06-29,East,Furniture,1228.465,5,0.3,0.0
2014-06-29,South,Furniture,85.98,1,0.0,22.3548
2014-06-29,West,Furniture,452.11199999999997,7,0.2,12.1572
2014-07-06,South,Furniture,232.73600000000002,5,0.2,21.3592
2014-07-06,West,Furniture,478.48,2,0.2,47.848
2014-07-13,Central,Furniture,512.358,3,0.3,-14.6388
2014-07-13,East,Furniture,1284.126,17,0.12,241.84840000000003
2014-07-13,West,Furniture,1795.0249999999999,14,0.19,-80.1022
2014-07-20,Central,Furniture,998.112,7,0.44999999999999996,-154.425
2014-07-20,East,Furniture,102.54400000000001,3,0.25,-2.8326000000000002
2014-07-20,West,Furniture,302.156,7,0.1,-10.4264
2014-07-27,Central,Furniture,675.4259999999999,8,0.44999999999999996,-104.05019999999999
2014-07-27,South,Furniture,93.59,5,0.0,27.583199999999998
2014-07-27,West,Furniture,2848.77,29,0.14285714285714285,129.2047
2014-08-03,South,Furniture,174.01600000000002,10,0.2,25.124
2014-08-03,West,Furniture,1586.59,10,0.25,98.01459999999997
2014-08-10,Central,Furniture,543.11,8,0.15,64.5636
2014-08-10,East,Furniture,1133.35,5,0.0,294.671
2014-08-10,South,Furniture,155.456,4,0.2,-7.7728
2014-08-10,West,Furniture,789.28,19,0.13333333333333333,109.9974
2014-08-17,East,Furniture,853.092,6,0.4,-227.4912
2014-08-17,West,Furniture,292.926,8,0.06666666666666667,24.8508
2014-08-24,Central,Furniture,421.372,2,0.3,-6.0196
2014-08-24,East,Furniture,13.28,2,0.0,6.3744
2014-08-24,South,Furniture,1139.06,22,0.0,317.55100000000004
2014-08-24,West,Furniture,293.464,10,0.1,27.2988
2014-08-31,East,Furniture,10.68,4,0.0,4.0584
2014-08-31,South,Furniture,1406.1185,10,0.15,202.49210000000002
2014-08-31,West,Furniture,6.28,1,0.0,2.6376
2014-09-07,Central,Furniture,1672.225,17,0.06,371.51649999999995
2014-09-07,East,Furniture,113.078,3,0.1,13.4233
2014-09-07,South,Furniture,31.984,2,0.2,1.999
2014-09-07,West,Furniture,41.88,6,0.0,12.1452
2014-09-14,Central,Furniture,3097.396,27,0.3,-42.1294
2014-09-14,East,Furniture,5541.272,37,0.14285714285714285,632.264
2014-09-14,South,Furniture,155.52800000000002,8,0.1,56.4623
2014-09-14,West,Furniture,2605.1,16,0.1,297.9796
2014-09-21,Central,Furniture,1119.674,13,0.4666666666666666,-485.648
2014-09-21,East,Furniture,2966.109,23,0.08571428571428573,418.14959999999996
2014-09-21,West,Furniture,109.25500000000001,3,0.25,-32.3981
2014-09-28,Central,Furniture,300.5328,2,0.32,-97.2312
2014-09-28,East,Furniture,785.692,11,0.07500000000000001,161.1966
2014-09-28,South,Furniture,337.088,4,0.2,16.8544
2014-09-28,West,Furniture,1771.039,13,0.1875,139.00560000000002
2014-10-05,Central,Furniture,290.055,6,0.44999999999999996,-89.1699
2014-10-05,East,Furniture,1198.458,15,0.18,-66.993
2014-10-05,West,Furniture,2825.364,17,0.08,472.8026
2014-10-12,East,Furniture,129.92,5,0.2,21.112
2014-10-12,South,Furniture,8.92,4,0.0,3.9248
2014-10-12,West,Furniture,666.2620000000001,23,0.15000000000000002,-28.714200000000005
2014-10-19,Central,Furniture,5.312,2,0.6,-1.5936
2014-10-19,East,Furniture,2058.172,13,0.09999999999999999,279.8102
2014-10-19,South,Furniture,1166.604,13,0.06666666666666667,220.2843
2014-10-19,West,Furniture,1298.55,5,0.0,311.652
2014-10-26,East,Furniture,503.47799999999995,7,0.30000000000000004,-109.9674
2014-10-26,South,Furniture,1049.83,11,0.13333333333333333,-25.12109999999999
2014-10-26,West,Furniture,63.92,4,0.0,3.196
2014-11-02,East,Furniture,3634.404,33,0.1125,-251.3491999999999
2014-11-02,West,Furniture,763.35,9,0.175,-45.440999999999995
2014-11-09,Central,Furniture,683.144,4,0.3,0.0
2014-11-09,East,Furniture,465.97,12,0.10000000000000002,11.438400000000001
2014-11-09,South,Furniture,1505.288,14,0.20000000000000004,-310.0824
2014-11-09,West,Furniture,851.7739999999999,14,0.0875,-31.819199999999995
2014-11-16,Central,Furniture,1503.2852,15,0.35333333333333333,26.854099999999992
2014-11-16,East,Furniture,615.192,8,0.26666666666666666,-228.12879999999998
2014-11-16,West,Furniture,1754.7965,22,0.10714285714285714,172.7035
2014-11-23,Central,Furniture,1759.34,24,0.32857142857142857,-126.28439999999999
2014-11-23,East,Furniture,5876.372,27,0.13999999999999999,112.07090000000001
2014-11-23,West,Furniture,1999.08,15,0.18,6.574600000000004
2014-11-30,Central,Furniture,1244.1309999999999,13,0.5,-140.3109
2014-11-30,East,Furniture,1175.038,20,0.13999999999999999,-3.085000000000001
2014-11-30,South,Furniture,508.75,10,0.0,92.642
2014-11-30,West,Furniture,1432.988,16,0.11000000000000001,69.27159999999999
2014-12-07,Central,Furniture,3829.92,32,0.4571428571428572,466.237
2014-12-07,East,Furniture,2157.988,29,0.09999999999999999,-53.78779999999999
2014-12-07,West,Furniture,333.69,4,0.25,-142.2858
2014-12-14,Central,Furniture,94.428,3,0.6,-42.4926
2014-12-14,East,Furniture,136.53,1,0.4,-52.3365
2014-12-14,South,Furniture,186.304,4,0.2,13.9728
2014-12-14,West,Furniture,5845.1525,44,0.10454545454545455,353.25690000000003
2014-12-21,Central,Furniture,837.016,16,0.525,-106.82379999999999
2014-12-21,East,Furniture,828.836,13,0.19999999999999998,-93.4348
2014-12-21,South,Furniture,6225.612,41,0.06666666666666667,943.374
2014-12-21,West,Furniture,3888.348,25,0.15000000000000002,257.84659999999997
2014-12-28,Central,Furniture,633.51,9,0.44999999999999996,-28.3506
2014-12-28,East,Furniture,1033.2420000000002,24,0.225,132.91150000000002
2014-12-28,South,Furniture,64.784,1,0.2,6.4784
2014-12-28,West,Furniture,1299.142,26,0.14285714285714285,122.3767
2015-01-04,Central,Furniture,1400.1096,15,0.5066666666666667,-493.01399999999995
2015-01-04,East,Furniture,3560.742,28,0.18333333333333335,13.821000000000026
2015-01-04,South,Furniture,192.22,14,0.0,69.1992
2015-01-04,West,Furniture,95.46000000000001,11,0.0,32.2074
2015-01-11,East,Furniture,1018.104,4,0.4,-373.3048
2015-01-11,West,Furniture,61.584,1,0.2,-6.9282
2015-01-18,Central,Furniture,254.744,7,0.6,-312.0614
2015-01-18,West,Furniture,542.45,13,0.0,130.994
2015-01-25,Central,Furniture,301.742,5,0.3,-21.712200000000003
2015-02-01,Central,Furniture,53.34,3,0.0,16.5354
2015-02-01,East,Furniture,181.986,2,0.3,-54.5958
2015-02-01,South,Furniture,4297.644,13,0.4,-1862.3124
2015-02-01,West,Furniture,3031.28,12,0.1,81.8496
2015-02-08,Central,Furniture,28.4,2,0.0,11.076
2015-02-08,East,Furniture,1643.6219999999998,14,0.03333333333333333,363.936
2015-02-08,West,Furniture,136.92,4,0.0,41.076
2015-02-15,Central,Furniture,40.784,2,0.6,-30.588
2015-02-15,West,Furniture,203.92,5,0.2,22.941
2015-02-22,West,Furniture,35.544,1,0.2,-0.8886
2015-03-01,Central,Furniture,1227.9984,6,0.32,-36.1176
2015-03-01,East,Furniture,493.92,7,0.3,-28.224
2015-03-01,South,Furniture,551.264,10,0.2,15.566400000000002
2015-03-01,West,Furniture,184.752,3,0.2,-20.7846
2015-03-08,Central,Furniture,1751.662,18,0.15,367.056
2015-03-08,East,Furniture,516.547,11,0.19999999999999998,51.3817
2015-03-08,West,Furniture,1222.79,10,0.0,261.1385
2015-03-15,South,Furniture,37.288,7,0.2,5.3018
2015-03-15,West,Furniture,1384.856,14,0.06666666666666667,234.4744
2015-03-22,Central,Furniture,383.4656,4,0.32,-67.6704
2015-03-22,West,Furniture,307.05,5,0.0,78.4574
2015-03-29,Central,Furniture,466.83,5,0.3,-65.1582
2015-03-29,South,Furniture,1166.92,5,0.2,131.2785
2015-03-29,West,Furniture,3460.5,16,0.0,633.5559999999999
2015-04-05,Central,Furniture,389.124,7,0.44999999999999996,-117.8562
2015-04-05,East,Furniture,1015.5699999999999,12,0.225,-254.728
2015-04-05,West,Furniture,892.224,3,0.2,89.2224
2015-04-12,South,Furniture,121.888,5,0.2,24.4176
2015-04-12,West,Furniture,369.912,3,0.2,-13.8717
2015-04-19,Central,Furniture,974.188,10,0.18,-158.7661
2015-04-19,East,Furniture,127.764,2,0.1,2.8392
2015-04-19,South,Furniture,1720.12,16,0.0,245.2684
2015-04-19,West,Furniture,990.08,7,0.13333333333333333,-97.01180000000001
2015-04-26,Central,Furniture,536.48,5,0.3,-29.616799999999998
2015-04-26,South,Furniture,2117.7115,22,0.1416666666666667,195.4144
2015-04-26,West,Furniture,63.936,3,0.2,6.3936
2015-05-03,Central,Furniture,213.115,5,0.3,-15.2225
2015-05-03,East,Furniture,2176.826,20,0.06,308.13509999999997
2015-05-03,South,Furniture,63.552,3,0.2,14.2992
2015-05-03,West,Furniture,665.88,6,0.0,106.5408
2015-05-10,Central,Furniture,390.254,12,0.3,-29.131
2015-05-10,East,Furniture,242.356,13,0.07500000000000001,65.598
2015-05-17,Central,Furniture,21.968,4,0.6,-15.9268
2015-05-17,West,Furniture,1644.7555,20,0.15,168.3751
2015-05-24,Central,Furniture,677.981,16,0.15,-143.99089999999998
2015-05-24,South,Furniture,163.136,4,0.2,20.392
2015-05-31,Central,Furniture,2830.016,16,0.3,675.2968
2015-05-31,East,Furniture,389.106,15,0.125,-78.1326
2015-05-31,West,Furniture,1441.83,11,0.0,153.4405
2015-06-07,East,Furniture,1557.918,12,0.05,181.1772
2015-06-14,East,Furniture,94.368,8,0.2,9.4368
2015-06-14,South,Furniture,1374.96,17,0.15000000000000002,-119.07990000000001
2015-06-14,West,Furniture,355.36,4,0.0,92.3936
2015-06-21,Central,Furniture,197.372,2,0.3,-25.3764
2015-06-21,South,Furniture,703.976,7,0.1,75.7432
2015-06-21,West,Furniture,750.52,23,0.12000000000000002,99.82280000000002
2015-06-28,Central,Furniture,871.809,16,0.55,-546.3711
2015-06-28,East,Furniture,482.94,6,0.5,-376.6932
2015-06-28,South,Furniture,360.36,6,0.0,89.22840000000001
2015-06-28,West,Furniture,826.61,9,0.1,103.99
2015-07-05,Central,Furniture,790.538,8,0.3,-98.63419999999999
2015-07-05,East,Furniture,589.338,13,0.17500000000000002,30.165299999999995
2015-07-05,South,Furniture,240.676,15,0.15000000000000002,52.401
2015-07-12,Central,Furniture,391.367,10,0.44999999999999996,-7.6141000000000005
2015-07-12,East,Furniture,1510.168,34,0.125,80.416
2015-07-12,West,Furniture,170.352,3,0.2,-17.0352
2015-07-19,East,Furniture,2089.4,11,0.03333333333333333,367.76439999999997
2015-07-19,South,Furniture,231.92,5,0.2,5.798
2015-07-19,West,Furniture,2814.006,19,0.29,-296.12489999999997
2015-07-26,Central,Furniture,1298.374,9,0.3,-178.67759999999998
2015-07-26,East,Furniture,128.82,3,0.0,50.2398
2015-07-26,South,Furniture,379.52,5,0.0,45.516400000000004
2015-07-26,West,Furniture,1925.985,13,0.225,-106.6578
2015-08-02,Central,Furniture,155.88,6,0.0,38.97
2015-08-02,East,Furniture,1201.762,8,0.2,-275.338
2015-08-02,West,Furniture,1287.7559999999999,13,0.2333333333333333,-362.24760000000003
2015-08-09,Central,Furniture,1906.7492,21,0.184,93.67099999999999
2015-08-09,East,Furniture,446.02599999999995,17,0.1,-127.4112
2015-08-09,West,Furniture,144.784,1,0.2,10.8588
2015-08-16,East,Furniture,555.822,6,0.35,-204.9996
2015-08-16,South,Furniture,46.152,3,0.2,12.1149
2015-08-16,West,Furniture,135.79,10,0.0,38.5569
2015-08-23,East,Furniture,624.442,4,0.25,-46.6446
2015-08-23,West,Furniture,1130.406,9,0.175,75.2946
2015-08-30,Central,Furniture,1050.25,13,0.45,-154.9166
2015-08-30,East,Furniture,299.274,5,0.2,-71.2083
2015-08-30,West,Furniture,352.61,5,0.11666666666666665,35.2922
2015-09-06,Central,Furniture,6.16,2,0.0,2.9568
2015-09-06,East,Furniture,456.86400000000003,5,0.03333333333333333,102.93620000000001
2015-09-06,South,Furniture,153.94,5,0.0,34.5876
2015-09-06,West,Furniture,2816.902,22,0.14166666666666666,326.579
2015-09-13,Central,Furniture,1913.6740000000002,14,0.22499999999999998,377.45779999999996
2015-09-13,East,Furniture,1090.1499999999999,13,0.16,3.2808999999999977
2015-09-13,South,Furniture,151.29000000000002,11,0.0,21.1098
2015-09-13,West,Furniture,1232.94,28,0.06666666666666667,201.1793
2015-09-20,Central,Furniture,21.936,2,0.6,-10.4196
2015-09-20,East,Furniture,10030.622,26,0.2571428571428572,-1609.2278000000001
2015-09-20,South,Furniture,1992.46,16,0.08,511.77099999999996
2015-09-20,West,Furniture,1168.126,13,0.05,139.8675
2015-09-27,Central,Furniture,1631.636,21,0.3,411.1296
2015-09-27,East,Furniture,730.822,6,0.03333333333333333,162.5042
2015-09-27,South,Furniture,2255.52,12,0.0,588.7954
2015-09-27,West,Furniture,2172.812,16,0.08,286.5654
2015-10-04,East,Furniture,100.434,4,0.35,-9.121200000000002
2015-10-04,South,Furniture,392.94,3,0.0,43.2234
2015-10-04,West,Furniture,131.698,3,0.175,21.488599999999998
2015-10-11,Central,Furniture,462.75,6,0.3,-35.8632
2015-10-11,South,Furniture,957.5775,5,0.45,-383.031
2015-10-11,West,Furniture,865.498,13,0.275,-110.0024
2015-10-18,Central,Furniture,2601.946,13,0.3,-439.5672
2015-10-18,East,Furniture,1735.158,8,0.26666666666666666,145.3904
2015-10-18,South,Furniture,287.94,3,0.0,77.7438
2015-10-18,West,Furniture,10.11,3,0.0,3.2352
2015-10-25,Central,Furniture,347.361,7,0.3,-69.4722
2015-10-25,East,Furniture,291.1,5,0.0,75.686
2015-10-25,West,Furniture,3020.444,46,0.15555555555555556,8.789000000000009
2015-11-01,East,Furniture,792.428,11,0.06666666666666667,141.9922
2015-11-01,South,Furniture,359.16999999999996,14,0.0,67.3649
2015-11-01,West,Furniture,764.4570000000001,9,0.18333333333333335,43.9136
2015-11-08,Central,Furniture,64.96,5,0.6,-84.448
2015-11-08,East,Furniture,9889.59,36,0.05714285714285715,2083.4092
2015-11-08,South,Furniture,398.252,7,0.13333333333333333,68.3274
2015-11-08,West,Furniture,1948.309,21,0.09166666666666667,106.2727
2015-11-15,Central,Furniture,1685.0952000000002,22,0.22999999999999998,202.482
2015-11-15,East,Furniture,376.11,6,0.0,83.64330000000001
2015-11-15,South,Furniture,710.016,10,0.13333333333333333,-41.2131
2015-11-15,West,Furniture,1963.864,21,0.15,97.3065
2015-11-22,Central,Furniture,2864.7388,23,0.1742857142857143,483.46
2015-11-22,East,Furniture,2243.75,25,0.27999999999999997,-566.1368
2015-11-22,South,Furniture,308.52799999999996,4,0.2,-31.522799999999997
2015-11-22,West,Furniture,2095.572,30,0.11000000000000001,73.78760000000001
2015-11-29,Central,Furniture,1572.9620000000002,25,0.3,18.484099999999984
2015-11-29,East,Furniture,1117.888,19,0.08333333333333333,139.4052
2015-11-29,South,Furniture,1067.9295,14,0.325,33.4203
2015-11-29,West,Furniture,363.68,9,0.1,40.077799999999996
2015-12-06,Central,Furniture,6.688,4,0.6,-4.0128
2015-12-06,East,Furniture,2172.408,38,0.12222222222222223,191.7734
2015-12-06,South,Furniture,528.2080000000001,9,0.2,49.876200000000004
2015-12-06,West,Furniture,7346.503000000001,49,0.08333333333333333,880.7502
2015-12-13,Central,Furniture,993.9200000000001,4,0.0,233.1232
2015-12-13,East,Furniture,542.94,3,0.0,141.1644
2015-12-13,South,Furniture,283.92,4,0.0,70.98
2015-12-13,West,Furniture,1137.21,32,0.2571428571428571,-280.5938
2015-12-20,Central,Furniture,1604.7,22,0.15,146.8729
2015-12-20,East,Furniture,1316.028,11,0.25,-36.3146
2015-12-20,South,Furniture,26.48,7,0.1,5.527200000000001
2015-12-20,West,Furniture,332.39599999999996,10,0.1,32.248400000000004
2015-12-27,Central,Furniture,1241.9312,15,0.25333333333333335,-161.4384
2015-12-27,East,Furniture,3092.611,27,0.2833333333333334,-473.2846
2015-12-27,South,Furniture,460.336,11,0.13333333333333333,71.0992
2015-12-27,West,Furniture,3099.98,26,0.275,-329.5354
2016-01-03,Central,Furniture,1607.61,12,0.3,338.988
2016-01-03,East,Furniture,173.94,3,0.0,38.2668
2016-01-10,Central,Furniture,1588.9560000000001,9,0.3,396.1677
2016-01-10,East,Furniture,15.168,2,0.2,3.792
2016-01-10,West,Furniture,104.77000000000001,9,0.0,42.0691
2016-01-17,East,Furniture,559.379,18,0.16666666666666666,57.8716
2016-01-17,South,Furniture,315.776,8,0.2,31.5776
2016-01-24,South,Furniture,465.408,12,0.2,-63.3888
2016-01-24,West,Furniture,1336.9460000000001,21,0.1,129.2152
2016-01-31,Central,Furniture,626.1,3,0.5,-538.446
2016-01-31,East,Furniture,359.702,4,0.2,-91.5287
2016-01-31,West,Furniture,483.748,5,0.1,-52.062799999999996
2016-02-07,Central,Furniture,73.784,2,0.6,-77.4732
2016-02-07,South,Furniture,1276.134,20,0.04,274.1402
2016-02-07,West,Furniture,572.096,6,0.2,10.922799999999999
2016-02-14,Central,Furniture,241.5,4,0.3,0.0
2016-02-14,East,Furniture,560.991,9,0.15,-42.5334
2016-02-21,Central,Furniture,62.958,3,0.3,-2.6982
2016-02-21,East,Furniture,803.816,19,0.02,186.5698
2016-02-21,South,Furniture,318.08,4,0.0,34.9888
2016-02-28,Central,Furniture,16.192,2,0.6,-6.8816
2016-03-06,Central,Furniture,1506.346,15,0.425,-478.0126
2016-03-06,East,Furniture,836.592,8,0.4,-264.9208
2016-03-06,West,Furniture,35.28,3,0.0,11.9952
2016-03-13,Central,Furniture,557.585,5,0.3,0.0
2016-03-13,East,Furniture,1306.306,22,0.16666666666666666,83.5148
2016-03-13,South,Furniture,307.15999999999997,9,0.06666666666666667,68.6203
2016-03-13,West,Furniture,798.632,5,0.1,84.388
2016-03-20,Central,Furniture,1483.6619999999998,16,0.155,-6.871000000000009
2016-03-20,East,Furniture,1028.68,15,0.05,272.6801
2016-03-20,South,Furniture,276.332,10,0.2,-56.903000000000006
2016-03-20,West,Furniture,1621.11,7,0.3666666666666667,-36.438
2016-03-27,Central,Furniture,627.8019999999999,7,0.3,-1.4196
2016-03-27,East,Furniture,301.47,3,0.5,-241.176
2016-03-27,South,Furniture,60.16,5,0.0,19.8808
2016-03-27,West,Furniture,167.888,7,0.2,14.6902
2016-04-03,Central,Furniture,2370.136,15,0.09999999999999999,364.1448
2016-04-03,East,Furniture,2359.4629999999997,25,0.175,303.656
2016-04-03,South,Furniture,7.04,4,0.0,3.0976
2016-04-10,Central,Furniture,95.984,4,0.3,-4.1136
2016-04-10,East,Furniture,1130.09,11,0.10000000000000002,148.9668
2016-04-10,South,Furniture,514.8199999999999,9,0.0,120.709
2016-04-10,West,Furniture,581.365,10,0.075,16.923000000000002
2016-04-17,East,Furniture,9.96,2,0.0,3.2868
2016-04-17,South,Furniture,441.664,17,0.13333333333333333,95.79400000000001
2016-04-17,West,Furniture,3529.043,24,0.19166666666666668,99.2826
2016-04-24,Central,Furniture,558.8720000000001,11,0.3,-151.9474
2016-04-24,East,Furniture,205.176,2,0.4,-58.1332
2016-04-24,West,Furniture,2653.51,20,0.225,-647.8524
2016-05-01,Central,Furniture,52.952,5,0.6,-42.034800000000004
2016-05-01,East,Furniture,434.646,3,0.1,62.7822
2016-05-01,South,Furniture,370.62,3,0.4,-142.071
2016-05-01,West,Furniture,153.45600000000002,9,0.2,24.9756
2016-05-08,Central,Furniture,366.744,4,0.3,-110.0232
2016-05-08,East,Furniture,1052.344,30,0.07142857142857142,239.2185
2016-05-08,South,Furniture,203.776,14,0.2,15.035
2016-05-08,West,Furniture,2097.344,15,0.1,340.15340000000003
2016-05-15,East,Furniture,89.404,4,0.1,34.1778
2016-05-15,South,Furniture,30.192,3,0.2,8.3028
2016-05-22,Central,Furniture,22.608,3,0.6,-10.1736
2016-05-22,East,Furniture,423.206,18,0.075,24.817600000000002
2016-05-22,South,Furniture,641.96,2,0.0,179.7488
2016-05-22,West,Furniture,1332.04,9,0.0,292.59079999999994
2016-05-29,Central,Furniture,3951.0299999999997,18,0.3,588.4774
2016-05-29,East,Furniture,41.37,3,0.0,17.3754
2016-05-29,South,Furniture,459.99199999999996,15,0.13333333333333333,-3.604999999999997
2016-05-29,West,Furniture,521.754,9,0.1,-68.5212
2016-06-05,Central,Furniture,883.1800000000001,27,0.45714285714285713,-514.4584
2016-06-05,East,Furniture,197.904,5,0.1,25.9102
2016-06-05,South,Furniture,2275.5,10,0.0,386.835
2016-06-05,West,Furniture,1040.496,12,0.13333333333333333,60.0696
2016-06-12,Central,Furniture,1091.8400000000001,14,0.375,40.3698
2016-06-12,East,Furniture,596.0,8,0.13333333333333333,53.3196
2016-06-12,West,Furniture,2360.744,10,0.20000000000000004,-169.4317
2016-06-19,East,Furniture,1033.452,10,0.3,-324.471
2016-06-19,West,Furniture,4005.7070000000003,31,0.1285714285714286,509.8753
2016-06-26,Central,Furniture,175.648,7,0.3,-8.605699999999999
2016-06-26,East,Furniture,813.366,8,0.16666666666666666,-49.4526
2016-06-26,West,Furniture,183.70800000000003,5,0.1,-1.6578
2016-07-03,Central,Furniture,1068.088,8,0.3,-7.7094
2016-07-03,East,Furniture,121.96,2,0.0,20.7332
2016-07-03,South,Furniture,1266.86,7,0.0,291.3778
2016-07-03,West,Furniture,195.184,1,0.2,19.5184
2016-07-10,Central,Furniture,313.66,10,0.44999999999999996,-41.608000000000004
2016-07-10,East,Furniture,573.286,6,0.05,87.40960000000001
2016-07-10,West,Furniture,2496.4629999999997,27,0.09166666666666667,387.30240000000003
2016-07-17,Central,Furniture,9.552,3,0.6,-3.8208
2016-07-17,East,Furniture,579.136,4,0.2,21.7176
2016-07-17,South,Furniture,51.75,1,0.0,15.525
2016-07-17,West,Furniture,298.25,15,0.05,48.5532
2016-07-24,East,Furniture,292.832,7,0.10000000000000002,43.687200000000004
2016-07-24,South,Furniture,1195.21,17,0.05,241.7396
2016-07-24,West,Furniture,1398.3600000000001,6,0.2,51.480000000000004
2016-07-31,Central,Furniture,1099.1200000000001,22,0.24,-233.7942
2016-07-31,East,Furniture,177.45,5,0.5,-78.078
2016-07-31,South,Furniture,2430.08,8,0.0,388.8128
2016-07-31,West,Furniture,1429.756,22,0.1,90.46249999999999
2016-08-07,East,Furniture,19.312,2,0.2,3.1382
2016-08-07,South,Furniture,109.8,9,0.0,46.116
2016-08-07,West,Furniture,136.464,2,0.2,15.3522
2016-08-14,Central,Furniture,241.96,2,0.0,24.196
2016-08-14,East,Furniture,354.91200000000003,4,0.25,-74.3282
2016-08-14,South,Furniture,562.2925,7,0.45,-255.5875
2016-08-14,West,Furniture,513.024,2,0.2,12.8256
2016-08-21,Central,Furniture,14.896,7,0.6,-5.9584
2016-08-21,East,Furniture,1388.466,16,0.25,-276.019
2016-08-21,South,Furniture,225.296,2,0.2,22.5296
2016-08-21,West,Furniture,3360.366,14,0.13333333333333333,236.2212
2016-08-28,Central,Furniture,1651.5367999999999,15,0.305,6.1828
2016-08-28,East,Furniture,244.615,1,0.3,20.967
2016-08-28,South,Furniture,186.54,3,0.0,41.0388
2016-08-28,West,Furniture,2234.168,13,0.20000000000000004,70.076
2016-09-04,Central,Furniture,366.968,9,0.5,-166.09320000000002
2016-09-04,East,Furniture,1847.984,23,0.15,-265.2506
2016-09-04,South,Furniture,515.1179999999999,6,0.2,-133.0167
2016-09-04,West,Furniture,950.694,22,0.08,81.7119
2016-09-11,Central,Furniture,3951.9756,32,0.35777777777777775,-675.7474000000001
2016-09-11,East,Furniture,2081.103,24,0.21428571428571427,42.27629999999999
2016-09-11,South,Furniture,1652.94,3,0.0,314.0586
2016-09-11,West,Furniture,189.17,2,0.1,1.8857
2016-09-18,Central,Furniture,1336.44,14,0.0,387.5676
2016-09-18,East,Furniture,1153.826,20,0.075,277.1316
2016-09-18,South,Furniture,1915.318,11,0.1125,254.5066
2016-09-18,West,Furniture,3783.312,29,0.17222222222222222,270.1084
2016-09-25,Central,Furniture,1118.882,20,0.06,46.8875
2016-09-25,East,Furniture,1614.028,19,0.18,215.8416
2016-09-25,South,Furniture,497.73,8,0.1,77.5467
2016-09-25,West,Furniture,2418.911,33,0.18333333333333335,56.1916
2016-10-02,Central,Furniture,2201.0378,20,0.22999999999999998,-446.8207
2016-10-02,East,Furniture,854.508,6,0.30000000000000004,-141.9018
2016-10-02,West,Furniture,619.8054999999999,9,0.175,32.176
2016-10-09,Central,Furniture,89.792,13,0.6,-61.832
2016-10-09,East,Furniture,1171.496,12,0.19999999999999998,44.323600000000006
2016-10-09,South,Furniture,11.568,3,0.2,2.6028
2016-10-09,West,Furniture,1084.704,6,0.2,102.9528
2016-10-16,Central,Furniture,153.92,9,0.6,-156.714
2016-10-16,East,Furniture,224.442,4,0.2,-4.188600000000001
2016-10-16,South,Furniture,102.592,1,0.2,10.2592
2016-10-16,West,Furniture,1007.196,26,0.31999999999999995,-617.7664
2016-10-23,Central,Furniture,104.24199999999999,13,0.3,-16.645400000000002
2016-10-23,East,Furniture,1826.076,7,0.13333333333333333,52.105599999999995
2016-10-23,South,Furniture,146.588,11,0.06666666666666667,39.190799999999996
2016-10-23,West,Furniture,1179.758,19,0.125,39.769800000000004
2016-10-30,Central,Furniture,67.0,5,0.0,32.16
2016-10-30,East,Furniture,1302.244,26,0.025,213.7772
2016-10-30,South,Furniture,567.9480000000001,9,0.15000000000000002,130.703
2016-11-06,Central,Furniture,2266.2508000000003,25,0.364,-394.2002
2016-11-06,East,Furniture,962.99,12,0.3,-27.514
2016-11-06,South,Furniture,3068.148,35,0.125,9.513799999999975
2016-11-06,West,Furniture,3058.682,28,0.13333333333333336,7.508499999999998
2016-11-13,Central,Furniture,3203.764,27,0.21428571428571427,297.6582
2016-11-13,East,Furniture,3855.182,28,0.24,3.937999999999999
2016-11-13,South,Furniture,993.9000000000001,5,0.0,261.49559999999997
2016-11-13,West,Furniture,3293.54,32,0.06000000000000001,314.3154
2016-11-20,Central,Furniture,884.894,18,0.36,-65.92320000000001
2016-11-20,East,Furniture,943.53,15,0.22000000000000003,18.4024
2016-11-20,South,Furniture,919.592,6,0.30000000000000004,-188.6488
2016-11-20,West,Furniture,31.96,2,0.0,1.598
2016-11-27,Central,Furniture,1568.61,9,0.0,329.4081
2016-11-27,East,Furniture,996.266,28,0.16666666666666666,22.247400000000006
2016-11-27,South,Furniture,670.943,12,0.325,-105.85539999999999
2016-11-27,West,Furniture,6168.484,32,0.10714285714285714,712.6448
2016-12-04,Central,Furniture,2376.936,30,0.19,-306.52110000000005
2016-12-04,East,Furniture,2878.269,35,0.12222222222222223,172.6737
2016-12-04,South,Furniture,182.67,3,0.0,52.9743
2016-12-04,West,Furniture,649.49,18,0.05833333333333333,57.7068
2016-12-11,Central,Furniture,4653.53,28,0.12,1003.0854000000002
2016-12-11,East,Furniture,882.36,10,0.175,-258.47749999999996
2016-12-11,South,Furniture,1328.654,13,0.13333333333333333,204.015
2016-12-11,West,Furniture,3418.008,29,0.16666666666666666,-56.35460000000002
2016-12-18,Central,Furniture,2269.2,13,0.0,358.9332
2016-12-18,East,Furniture,457.27000000000004,9,0.0,218.37550000000002
2016-12-18,South,Furniture,133.38,6,0.0,58.6872
2016-12-18,West,Furniture,5326.941,45,0.18,-654.0499
2016-12-25,Central,Furniture,143.70000000000002,4,0.44999999999999996,-14.8938
2016-12-25,East,Furniture,4867.478,31,0.13333333333333333,550.5816
2016-12-25,South,Furniture,935.53,15,0.0,311.0192
2016-12-25,West,Furniture,3948.249,39,0.18,682.1906
2017-01-01,Central,Furniture,2122.6620000000003,28,0.24,-141.74869999999999
2017-01-01,East,Furniture,432.622,8,0.16666666666666666,34.1096
2017-01-01,West,Furniture,1523.4940000000001,17,0.13333333333333333,227.6241
2017-01-08,Central,Furniture,913.43,5,0.3,-169.637
2017-01-08,West,Furniture,892.98,2,0.0,80.3682
2017-01-15,Central,Furniture,231.9,5,0.0,61.766999999999996
2017-01-15,East,Furniture,37.68,2,0.0,15.8256
2017-01-22,Central,Furniture,302.67,3,0.0,72.6408
2017-01-22,East,Furniture,1127.085,8,0.19999999999999998,-54.673500000000004
2017-01-22,West,Furniture,512.572,12,0.06666666666666667,11.804699999999999
2017-01-29,Central,Furniture,225.89,5,0.0,25.7201
2017-01-29,South,Furniture,62.72,4,0.0,24.4608
2017-01-29,West,Furniture,37.74,3,0.0,12.8316
2017-02-05,Central,Furniture,126.155,9,0.3666666666666667,-58.736399999999996
2017-02-05,South,Furniture,419.136,4,0.2,-68.1096
2017-02-05,West,Furniture,417.624,5,0.06666666666666667,28.375
2017-02-12,Central,Furniture,3.984,2,0.6,-2.6892
2017-02-12,East,Furniture,388.352,3,0.2,26.4088
2017-02-12,South,Furniture,359.97,3,0.0,79.1934
2017-02-12,West,Furniture,1188.2389999999998,10,0.11666666666666665,131.6986
2017-02-19,Central,Furniture,1178.2764,8,0.43,-298.5981
2017-02-19,East,Furniture,1385.5439999999999,12,0.3,-110.9524
2017-02-19,West,Furniture,152.2,4,0.0,33.566900000000004
2017-02-26,South,Furniture,428.70399999999995,7,0.2,-16.340200000000003
2017-02-26,West,Furniture,1462.028,17,0.18,-57.208100000000016
2017-03-05,Central,Furniture,284.48,6,0.3,-30.5702
2017-03-05,East,Furniture,441.96,2,0.0,101.6508
2017-03-05,West,Furniture,570.024,10,0.2,-32.0229
2017-03-12,Central,Furniture,933.408,4,0.3,-173.3472
2017-03-12,East,Furniture,304.02200000000005,10,0.16,-6.100700000000002
2017-03-19,Central,Furniture,172.292,4,0.44999999999999996,-43.8268
2017-03-19,East,Furniture,51.264,6,0.2,7.6896
2017-03-19,West,Furniture,728.0899999999999,6,0.1,21.3958
2017-03-26,Central,Furniture,3856.15,21,0.0,1030.7740000000001
2017-03-26,East,Furniture,737.178,7,0.13333333333333333,33.725
2017-03-26,West,Furniture,233.98000000000002,11,0.0,82.68299999999999
2017-04-02,Central,Furniture,2040.4688,12,0.31,-141.30419999999998
2017-04-02,East,Furniture,44.788,4,0.1,9.5414
2017-04-02,South,Furniture,1111.202,15,0.04,156.6917
2017-04-02,West,Furniture,650.014,24,0.03,148.2302
2017-04-09,Central,Furniture,580.8599999999999,5,0.0,151.0236
2017-04-09,East,Furniture,25.472,4,0.2,7.6416
2017-04-09,South,Furniture,1168.8265000000001,14,0.275,-334.5354
2017-04-16,East,Furniture,353.474,11,0.13333333333333333,35.6073
2017-04-16,South,Furniture,210.59199999999998,13,0.2,-30.3712
2017-04-16,West,Furniture,735.987,12,0.11666666666666665,26.461399999999998
2017-04-23,Central,Furniture,376.018,10,0.5,-76.4756
2017-04-23,East,Furniture,1317.8600000000001,20,0.16,252.41770000000002
2017-04-23,South,Furniture,465.088,7,0.2,-26.2104
2017-04-23,West,Furniture,501.396,20,0.06666666666666667,59.11900000000001
2017-04-30,Central,Furniture,222.2536,5,0.45999999999999996,-43.5509
2017-04-30,East,Furniture,1048.35,5,0.4,-69.89
2017-04-30,South,Furniture,244.38400000000001,14,0.2,-2.0604000000000005
2017-04-30,West,Furniture,549.521,16,0.049999999999999996,88.9294
2017-05-07,Central,Furniture,2585.5548,15,0.08,430.4759
2017-05-07,East,Furniture,535.8480000000001,10,0.20000000000000004,-91.74719999999999
2017-05-07,South,Furniture,4051.5339999999997,12,0.2833333333333334,-473.8644
2017-05-07,West,Furniture,390.895,4,0.44999999999999996,-141.70080000000002
2017-05-14,Central,Furniture,907.4259999999999,6,0.44999999999999996,-19.8455
2017-05-14,East,Furniture,939.29,17,0.18,-111.2676
2017-05-14,South,Furniture,207.0,3,0.2,25.875
2017-05-14,West,Furniture,800.589,15,0.22499999999999998,-298.3476
2017-05-21,Central,Furniture,24.5,4,0.6,-11.1669
2017-05-21,East,Furniture,534.6099999999999,7,0.0,79.0678
2017-05-21,South,Furniture,2246.112,15,0.06666666666666667,414.999
2017-05-21,West,Furniture,1510.204,26,0.13333333333333333,-4.934400000000004
2017-05-28,Central,Furniture,766.155,10,0.19999999999999998,54.813900000000004
2017-05-28,East,Furniture,409.7,17,0.125,52.4272
2017-05-28,South,Furniture,301.96,2,0.0,33.2156
2017-05-28,West,Furniture,206.288,7,0.1,8.276699999999998
2017-06-04,Central,Furniture,2232.5464,20,0.304,466.0652
2017-06-04,East,Furniture,384.768,2,0.4,-115.4304
2017-06-04,South,Furniture,558.69,16,0.12000000000000002,48.5884
2017-06-04,West,Furniture,13.592,1,0.2,-0.3398
2017-06-11,Central,Furniture,132.901,4,0.55,-86.2761
2017-06-11,West,Furniture,2471.993,12,0.1,189.84959999999998
2017-06-18,Central,Furniture,479.158,10,0.44999999999999996,-94.2052
2017-06-18,East,Furniture,858.24,4,0.1,143.04
2017-06-18,South,Furniture,1700.196,18,0.17142857142857146,189.2134
2017-06-18,West,Furniture,2577.2695,23,0.1375,187.6663
2017-06-25,Central,Furniture,945.4449999999999,5,0.15,61.426500000000004
2017-06-25,East,Furniture,1667.058,20,0.16666666666666666,43.7284
2017-06-25,West,Furniture,921.72,8,0.0,169.2724
2017-07-02,Central,Furniture,1827.0452,16,0.304,-293.5544
2017-07-02,East,Furniture,1922.486,20,0.1,-60.44409999999998
2017-07-02,South,Furniture,293.072,5,0.2,-8.3096
2017-07-02,West,Furniture,562.299,6,0.075,45.5454
2017-07-09,Central,Furniture,858.4780000000001,14,0.3,-317.0424
2017-07-09,East,Furniture,528.558,12,0.18,-107.6696
2017-07-09,South,Furniture,263.23,2,0.1,29.441699999999997
2017-07-09,West,Furniture,1157.576,25,0.03333333333333333,322.1094
2017-07-16,East,Furniture,1533.889,25,0.22000000000000003,206.9335
2017-07-16,South,Furniture,1134.132,9,0.06666666666666667,180.189
2017-07-16,West,Furniture,295.53,6,0.0,57.717
2017-07-23,Central,Furniture,842.48,12,0.3,-74.7922
2017-07-23,East,Furniture,585.508,14,0.1,57.004400000000004
2017-07-23,South,Furniture,319.644,10,0.06666666666666667,75.7218
2017-07-23,West,Furniture,2694.605,17,0.25,-248.4301
2017-07-30,Central,Furniture,600.7860000000001,9,0.15,68.382
2017-07-30,East,Furniture,173.574,6,0.20000000000000004,-27.612299999999998
2017-07-30,South,Furniture,285.88,7,0.2,9.9022
2017-07-30,West,Furniture,502.192,8,0.06666666666666667,81.3124
2017-08-06,Central,Furniture,183.372,2,0.3,-36.6744
2017-08-06,South,Furniture,161.14000000000001,8,0.0,30.7104
2017-08-06,West,Furniture,160.92,10,0.0,22.613999999999997
2017-08-13,Central,Furniture,121.3,2,0.0,25.473
2017-08-13,East,Furniture,1779.9,5,0.0,373.779
2017-08-13,South,Furniture,455.632,3,0.2,47.6604
2017-08-13,West,Furniture,313.854,6,0.06666666666666667,61.1942
2017-08-20,Central,Furniture,91.376,6,0.44999999999999996,-24.37
2017-08-20,East,Furniture,5017.178,18,0.08,-487.0748
2017-08-20,West,Furniture,484.236,6,0.1,27.6483
2017-08-27,Central,Furniture,64.96,5,0.6,-43.848
2017-08-27,East,Furniture,2051.016,17,0.24,-430.8192
2017-08-27,South,Furniture,869.184,6,0.1,225.6816
2017-08-27,West,Furniture,1869.4279999999999,30,0.15000000000000002,242.8519
2017-09-03,Central,Furniture,606.66,12,0.3,28.84020000000001
2017-09-03,East,Furniture,1951.013,19,0.1285714285714286,173.1278
2017-09-03,West,Furniture,3342.5679999999998,26,0.09375,485.67150000000004
2017-09-10,Central,Furniture,1960.713,28,0.33999999999999997,-697.8487
2017-09-10,East,Furniture,224.508,6,0.2333333333333333,-55.8584
2017-09-10,South,Furniture,111.32,5,0.2,10.3148
2017-09-10,West,Furniture,3742.284,34,0.1111111111111111,32.94879999999999
2017-09-17,Central,Furniture,830.6200000000001,10,0.3,-143.18599999999998
2017-09-17,East,Furniture,2232.09,37,0.1,349.5906
2017-09-17,South,Furniture,758.424,5,0.1,194.2574
2017-09-17,West,Furniture,4799.408,31,0.1111111111111111,454.3773
2017-09-24,Central,Furniture,1366.344,8,0.09999999999999999,207.4388
2017-09-24,East,Furniture,5621.12,26,0.08571428571428573,1043.4257
2017-09-24,South,Furniture,20.32,4,0.0,6.9088
2017-09-24,West,Furniture,1486.336,27,0.3333333333333333,-172.5648
2017-10-01,Central,Furniture,269.97,3,0.0,51.2943
2017-10-01,East,Furniture,964.9200000000001,18,0.2,-89.74759999999999
2017-10-01,South,Furniture,419.136,4,0.2,-57.6312
2017-10-01,West,Furniture,735.55,16,0.1142857142857143,35.6978
2017-10-08,Central,Furniture,157.74,11,0.0,56.7864
2017-10-08,East,Furniture,471.046,9,0.05,36.1096
2017-10-08,South,Furniture,2520.264,17,0.23333333333333336,-1026.6153
2017-10-08,West,Furniture,1470.558,27,0.18125,-424.4483
2017-10-15,Central,Furniture,1477.5910000000001,31,0.4166666666666667,-578.8014000000001
2017-10-15,East,Furniture,3228.964,17,0.13999999999999999,63.206800000000015
2017-10-15,South,Furniture,1504.52,4,0.0,346.0396
2017-10-15,West,Furniture,542.42,6,0.06666666666666667,19.3826
2017-10-22,Central,Furniture,930.7642000000001,7,0.20500000000000002,-41.62010000000001
2017-10-22,East,Furniture,888.2239999999999,19,0.13333333333333333,114.0112
2017-10-22,South,Furniture,2648.842,17,0.25,-914.9543
2017-10-22,West,Furniture,1289.769,15,0.22000000000000003,-94.58200000000001
2017-10-29,Central,Furniture,517.405,5,0.3,-81.3065
2017-10-29,East,Furniture,1193.4,24,0.12,-47.059200000000004
2017-10-29,South,Furniture,434.802,8,0.1,76.25489999999999
2017-10-29,West,Furniture,746.241,6,0.175,16.0278
2017-11-05,Central,Furniture,267.198,4,0.44999999999999996,-76.631
2017-11-05,East,Furniture,561.876,14,0.19999999999999998,-37.7324
2017-11-05,South,Furniture,1549.616,9,0.15000000000000002,110.89250000000001
2017-11-05,West,Furniture,6192.15,50,0.10909090909090911,363.6827
2017-11-12,Central,Furniture,395.368,13,0.6,-465.02119999999996
2017-11-12,East,Furniture,1121.424,26,0.13999999999999999,25.565799999999975
2017-11-12,South,Furniture,117.19200000000001,7,0.2,20.8107
2017-11-12,West,Furniture,4684.582,38,0.1272727272727273,200.75689999999997
2017-11-19,Central,Furniture,2369.309,32,0.2945454545454545,-381.809
2017-11-19,East,Furniture,422.68399999999997,10,0.13333333333333333,78.6478
2017-11-19,South,Furniture,1381.08,14,0.13333333333333333,268.7048
2017-11-19,West,Furniture,3034.5620000000004,20,0.05714285714285715,242.97580000000002
2017-11-26,Central,Furniture,2256.879,20,0.15,309.2645
2017-11-26,East,Furniture,1802.8220000000001,35,0.12222222222222223,227.5834
2017-11-26,South,Furniture,1663.028,11,0.1,75.0366
2017-11-26,West,Furniture,1192.1670000000001,16,0.125,-31.2198
2017-12-03,Central,Furniture,386.342,10,0.375,-16.8634
2017-12-03,East,Furniture,8364.310000000001,58,0.17272727272727273,208.60659999999996
2017-12-03,South,Furniture,2975.53,16,0.2,-416.982
2017-12-03,West,Furniture,4281.99,68,0.14615384615384613,46.57509999999995
2017-12-10,Central,Furniture,1342.568,10,0.19999999999999998,262.5324
2017-12-10,East,Furniture,1838.1860000000001,49,0.12142857142857143,111.1637
2017-12-10,South,Furniture,116.244,11,0.06666666666666667,35.549400000000006
2017-12-10,West,Furniture,5497.406,45,0.1125,110.47330000000001
2017-12-17,Central,Furniture,1897.884,17,0.5,-499.495
2017-12-17,East,Furniture,1002.604,8,0.2,-27.197599999999998
2017-12-17,South,Furniture,1291.559,12,0.21666666666666667,-351.363
2017-12-17,West,Furniture,447.772,20,0.06666666666666667,97.9313
2017-12-24,Central,Furniture,2721.88,18,0.0,609.7419
2017-12-24,East,Furniture,1900.9820000000002,20,0.028571428571428574,302.1637
2017-12-24,South,Furniture,1382.5,16,0.15000000000000002,-134.19799999999998
2017-12-24,West,Furniture,1268.681,22,0.325,-220.18019999999999
2017-12-31,Central,Furniture,203.1528,9,0.455,-18.6316
2017-12-31,East,Furniture,830.1400000000001,10,0.2,-76.84620000000001
2017-12-31,South,Furniture,2093.02,20,0.04,560.8351
2017-12-31,West,Furniture,911.252,22,0.08,-17.360400000000002
