order_date,region,category,weekly_sales,total_quantity,avg_discount,total_profit,year,month,week_of_year,sales_lag_1,sales_lag_4,sales_lag_12,rolling_mean_4,rolling_mean_8
2014-06-08,Central,Furniture,330.479,10,0.55,-249.7729,2014,6,23,2717.087,1406.941,76.728,1076.5605,1176.71875
2014-06-15,Central,Furniture,1110.802,9,0.1999999999999999,-18.05840000000001,2014,6,24,330.479,34.79,429.63,807.4450000000002,1038.4752500000002
2014-06-22,Central,Furniture,840.9056,12,0.16,12.517600000000002,2014,6,25,1110.802,147.424,393.83,1076.448,901.967625
2014-07-13,Central,Furniture,512.358,3,0.3,-14.6388,2014,7,28,840.9056,2717.087,45.48,1249.8184,1006.3970750000001
2014-07-20,Central,Furniture,998.112,7,0.4499999999999999,-154.425,2014,7,29,512.358,330.479,1436.427,698.63615,887.5983249999999
2014-07-27,Central,Furniture,675.4259999999999,8,0.4499999999999999,-104.0502,2014,7,30,998.112,1110.802,2202.8630000000003,865.5444000000001,836.4947
2014-08-10,Central,Furniture,543.11,8,0.15,64.5636,2014,8,32,675.4259999999999,840.9056,5.47,756.7004000000001,916.5742
2014-08-24,Central,Furniture,421.372,2,0.3,-6.0196,2014,8,34,543.11,512.358,1462.748,682.2515000000001,966.03495
2014-09-07,Central,Furniture,1672.225,17,0.06,371.5164999999999,2014,9,36,421.372,998.112,1406.941,659.505,679.0705750000001
2014-09-14,Central,Furniture,3097.396,27,0.3,-42.1294,2014,9,37,1672.225,675.4259999999999,34.79,828.0332500000002,846.788825
2014-09-21,Central,Furniture,1119.674,13,0.4666666666666666,-485.648,2014,9,38,3097.396,543.11,147.424,1433.5257500000002,1095.113075
2014-09-28,Central,Furniture,300.5328,2,0.32,-97.2312,2014,9,39,1119.674,421.372,2717.087,1577.6667499999999,1129.9591249999999
2014-10-05,Central,Furniture,290.055,6,0.4499999999999999,-89.1699,2014,10,40,300.5328,1672.225,330.479,1547.4569500000002,1103.480975
2014-10-19,Central,Furniture,5.312,2,0.6,-1.5936,2014,10,42,290.055,3097.396,1110.802,1201.91445,1014.9738500000001
2014-11-09,Central,Furniture,683.144,4,0.3,0.0,2014,11,45,5.312,1119.674,840.9056,428.8934500000001,931.2096
2014-11-16,Central,Furniture,1503.2852,15,0.3533333333333333,26.854099999999992,2014,11,46,683.144,300.5328,512.358,319.7609500000001,948.7138500000001
2014-11-23,Central,Furniture,1759.34,24,0.3285714285714285,-126.2844,2014,11,47,1503.2852,290.055,998.112,620.4490500000002,1083.953
2014-11-30,Central,Furniture,1244.131,13,0.5,-140.3109,2014,11,48,1759.34,5.312,675.4259999999999,987.7703000000001,1094.8423750000002
2014-12-07,Central,Furniture,3829.92,32,0.4571428571428572,466.237,2014,12,49,1244.131,683.144,543.11,1297.47505,863.18425
2014-12-14,Central,Furniture,94.428,3,0.6,-42.4926,2014,12,50,3829.92,1503.2852,421.372,2084.16905,1201.9650000000001
2014-12-21,Central,Furniture,837.016,16,0.525,-106.8238,2014,12,51,94.428,1759.34,1672.225,1731.95475,1176.2019
2014-12-28,Central,Furniture,633.51,9,0.4499999999999999,-28.3506,2014,12,52,837.016,1244.131,3097.396,1501.3737500000002,1244.5720250000002
2015-01-04,Central,Furniture,1400.1096,15,0.5066666666666667,-493.0139999999999,2015,1,1,633.51,3829.92,1119.674,1348.7185000000002,1323.0967750000002
2015-01-18,Central,Furniture,254.744,7,0.6,-312.0614,2015,1,3,1400.1096,94.428,300.5328,741.2659000000001,1412.7174750000001
2015-01-25,Central,Furniture,301.742,5,0.3,-21.712200000000003,2015,1,4,254.744,837.016,290.055,781.3449000000002,1256.649825
2015-02-01,Central,Furniture,53.34,3,0.0,16.5354,2015,2,5,301.742,633.51,5.312,647.5264000000001,1074.450075
2015-02-08,Central,Furniture,28.4,2,0.0,11.076,2015,2,6,53.34,1400.1096,683.144,502.4839000000001,925.6012
2015-02-15,Central,Furniture,40.784,2,0.6,-30.588,2015,2,7,28.4,254.744,1503.2852,159.5565000000001,450.4112
2015-03-01,Central,Furniture,1227.9984,6,0.32,-36.1176,2015,3,9,40.784,301.742,1759.34,106.0665000000001,443.7057
2015-03-08,Central,Furniture,1751.662,18,0.15,367.056,2015,3,10,1227.9984,53.34,1244.131,337.6306000000001,492.57849999999996
2015-03-22,Central,Furniture,383.4656,4,0.32,-67.6704,2015,3,12,1751.662,28.4,3829.92,762.2111000000001,632.3475
2015-03-29,Central,Furniture,466.83,5,0.3,-65.1582,2015,3,13,383.4656,40.784,94.428,850.9775000000001,505.267
2015-04-05,Central,Furniture,389.124,7,0.4499999999999999,-117.8562,2015,4,14,466.83,1227.9984,837.016,957.489,531.77775
2015-04-19,Central,Furniture,974.188,10,0.18,-158.7661,2015,4,16,389.124,1751.662,633.51,747.7704000000001,542.7005
2015-04-26,Central,Furniture,536.48,5,0.3,-29.6168,2015,4,17,974.188,383.4656,1400.1096,553.4019000000001,657.8065
2015-05-03,Central,Furniture,213.115,5,0.3,-15.2225,2015,5,18,536.48,466.83,254.744,591.6555000000001,721.3165
2015-05-10,Central,Furniture,390.254,12,0.3,-29.131,2015,5,19,213.115,389.124,301.742,528.22675,742.8578749999999
2015-05-17,Central,Furniture,21.968,4,0.6,-15.9268,2015,5,20,390.254,974.188,53.34,528.5092500000001,638.1398250000001
2015-05-24,Central,Furniture,677.981,16,0.15,-143.99089999999998,2015,5,21,21.968,536.48,28.4,290.45425000000006,421.92807500000004
2015-05-31,Central,Furniture,2830.016,16,0.3,675.2968,2015,5,22,677.981,213.115,40.784,325.82950000000005,458.7425
2015-06-21,Central,Furniture,197.372,2,0.3,-25.3764,2015,6,25,2830.016,390.254,1227.9984,980.05475,754.14075
2015-06-28,Central,Furniture,871.809,16,0.55,-546.3711,2015,6,26,197.372,21.968,1751.662,931.8342500000001,730.1717500000001
2015-07-05,Central,Furniture,790.538,8,0.3,-98.6342,2015,7,27,871.809,677.981,383.4656,1144.2945,717.3743750000001
2015-07-12,Central,Furniture,391.367,10,0.4499999999999999,-7.6141,2015,7,28,790.538,2830.016,466.83,1172.4337500000001,749.131625
2015-07-26,Central,Furniture,1298.374,9,0.3,-178.67759999999998,2015,7,30,391.367,197.372,389.124,562.7715000000002,771.413125
2015-08-02,Central,Furniture,155.88,6,0.0,38.97,2015,8,31,1298.374,871.809,974.188,838.0220000000002,884.928125
2015-08-09,Central,Furniture,1906.7492,21,0.184,93.671,2015,8,32,155.88,790.538,536.48,659.0397500000001,901.667125
2015-08-30,Central,Furniture,1050.25,13,0.45,-154.9166,2015,8,35,1906.7492,391.367,213.115,938.0925500000001,1055.26315
2015-09-06,Central,Furniture,6.16,2,0.0,2.9568,2015,9,36,1050.25,1298.374,390.254,1102.8133,832.7924
2015-09-13,Central,Furniture,1913.674,14,0.2249999999999999,377.4578,2015,9,37,6.16,155.88,21.968,779.7598,808.8909
2015-09-20,Central,Furniture,21.936,2,0.6,-10.4196,2015,9,38,1913.674,1906.7492,677.981,1219.2083,939.124025
2015-09-27,Central,Furniture,1631.636,21,0.3,411.1296,2015,9,39,21.936,1050.25,2830.016,748.0050000000001,843.048775
2015-10-11,Central,Furniture,462.75,6,0.3,-35.8632,2015,10,41,1631.636,6.16,197.372,893.3515000000001,998.0824
2015-10-18,Central,Furniture,2601.946,13,0.3,-439.5672,2015,10,42,462.75,1913.674,871.809,1007.4990000000001,893.6294
2015-10-25,Central,Furniture,347.361,7,0.3,-69.4722,2015,10,43,2601.946,21.936,790.538,1179.567,1199.38765
2015-11-08,Central,Furniture,64.96,5,0.6,-84.448,2015,11,45,347.361,1631.636,391.367,1260.92325,1004.464125
2015-11-15,Central,Furniture,1685.0952000000002,22,0.2299999999999999,202.482,2015,11,46,64.96,462.75,1298.374,869.2542500000001,881.302875
2015-11-22,Central,Furniture,2864.7388,23,0.1742857142857143,483.46,2015,11,47,1685.0952000000002,2601.946,155.88,1174.8405500000001,1091.1697749999998
2015-11-29,Central,Furniture,1572.9620000000002,25,0.3,18.484099999999984,2015,11,48,2864.7388,347.361,1906.7492,1240.5387500000002,1210.0528749999999
2015-12-06,Central,Furniture,6.688,4,0.6,-4.0128,2015,12,49,1572.9620000000002,64.96,1050.25,1546.9390000000003,1403.931125
2015-12-13,Central,Furniture,993.92,4,0.0,233.1232,2015,12,50,6.688,1685.0952000000002,6.16,1532.3710000000003,1200.812625
2015-12-20,Central,Furniture,1604.7,22,0.15,146.8729,2015,12,51,993.92,2864.7388,1913.674,1359.5772000000002,1267.208875
2015-12-27,Central,Furniture,1241.9312,15,0.2533333333333333,-161.4384,2015,12,52,1604.7,1572.9620000000002,21.936,1044.5675,1142.553125
2016-01-03,Central,Furniture,1607.61,12,0.3,338.988,2016,1,53,1241.9312,6.688,1631.636,961.8098,1254.3744000000002
2016-01-10,Central,Furniture,1588.956,9,0.3,396.1677,2016,1,1,1607.61,993.92,462.75,1362.0403000000001,1447.2056499999999
2016-01-31,Central,Furniture,626.1,3,0.5,-538.446,2016,1,4,1588.956,1604.7,2601.946,1510.7993000000001,1435.18825
2016-02-07,Central,Furniture,73.784,2,0.6,-77.4732,2016,2,5,626.1,1241.9312,347.361,1266.1493,1155.3583999999998
2016-02-14,Central,Furniture,241.5,4,0.3,0.0,2016,2,6,73.784,1607.61,64.96,974.1125000000002,967.96115
2016-02-21,Central,Furniture,62.958,3,0.3,-2.6982,2016,2,7,241.5,1588.956,1685.0952000000002,632.585,997.31265
2016-02-28,Central,Furniture,16.192,2,0.6,-6.8816,2016,2,8,62.958,626.1,2864.7388,251.0855000000001,880.9424
2016-03-06,Central,Furniture,1506.346,15,0.425,-478.0126,2016,3,9,16.192,73.784,1572.9620000000002,98.6085000000001,682.3788999999999
2016-03-13,Central,Furniture,557.585,5,0.3,0.0,2016,3,10,1506.346,241.5,6.688,456.74900000000014,715.43075
2016-03-20,Central,Furniture,1483.6619999999998,16,0.155,-6.871000000000009,2016,3,11,557.585,62.958,993.92,535.7702500000001,584.177625
2016-03-27,Central,Furniture,627.8019999999999,7,0.3,-1.4196,2016,3,12,1483.6619999999998,16.192,1604.7,890.9462500000001,571.0158749999999
2016-04-03,Central,Furniture,2370.136,15,0.0999999999999999,364.1448,2016,4,13,627.8019999999999,1506.346,1241.9312,1043.84875,571.228625
2016-04-10,Central,Furniture,95.984,4,0.3,-4.1136,2016,4,14,2370.136,557.585,1607.61,1259.7962499999999,858.2726250000001
2016-04-24,Central,Furniture,558.8720000000001,11,0.3,-151.9474,2016,4,16,95.984,1483.6619999999998,1588.956,1144.396,840.083125
2016-05-01,Central,Furniture,52.952,5,0.6,-42.0348,2016,5,17,558.8720000000001,627.8019999999999,626.1,913.1985000000001,902.072375
2016-05-08,Central,Furniture,366.744,4,0.3,-110.0232,2016,5,18,52.952,2370.136,73.784,769.486,906.667375
2016-05-22,Central,Furniture,22.608,3,0.6,-10.1736,2016,5,20,366.744,95.984,241.5,268.63800000000015,764.217125
2016-05-29,Central,Furniture,3951.03,18,0.3,588.4774,2016,5,21,22.608,558.8720000000001,62.958,250.29400000000012,697.345
2016-06-05,Central,Furniture,883.1800000000001,27,0.4571428571428571,-514.4584,2016,6,22,3951.03,52.952,16.192,1098.3335000000002,1005.7660000000001
2016-06-12,Central,Furniture,1091.84,14,0.375,40.3698,2016,6,23,883.1800000000001,366.744,1506.346,1305.8905000000002,1037.6882500000002
2016-06-26,Central,Furniture,175.648,7,0.3,-8.605699999999999,2016,6,25,1091.84,22.608,557.585,1487.1645000000003,877.90125
2016-07-03,Central,Furniture,1068.088,8,0.3,-7.7094,2016,7,26,175.648,3951.03,1483.6619999999998,1525.4245,887.8592500000001
2016-07-10,Central,Furniture,313.66,10,0.4499999999999999,-41.608,2016,7,27,1068.088,883.1800000000001,627.8019999999999,804.6890000000001,951.51125
2016-07-17,Central,Furniture,9.552,3,0.6,-3.8208,2016,7,28,313.66,1091.84,2370.136,662.309,984.09975
2016-07-31,Central,Furniture,1099.12,22,0.24,-233.7942,2016,7,30,9.552,175.648,95.984,391.7370000000001,939.4507500000001
2016-08-14,Central,Furniture,241.96,2,0.0,24.196,2016,8,32,1099.12,1068.088,558.8720000000001,622.605,1074.01475
2016-08-21,Central,Furniture,14.896,7,0.6,-5.9584,2016,8,33,241.96,313.66,52.952,416.0730000000001,610.3809999999999
2016-08-28,Central,Furniture,1651.5368,15,0.305,6.1828,2016,8,34,14.896,9.552,366.744,341.38200000000006,501.8455
2016-09-04,Central,Furniture,366.968,9,0.5,-166.09320000000002,2016,9,35,1651.5368,1099.12,22.608,751.8782000000001,571.8076
2016-09-11,Central,Furniture,3951.9756,32,0.3577777777777777,-675.7474000000001,2016,9,36,366.968,241.96,3951.03,568.8402000000001,595.7225999999999
2016-09-18,Central,Furniture,1336.44,14,0.0,387.5676,2016,9,37,3951.9756,14.896,883.1800000000001,1496.3441000000003,956.2085500000001
2016-09-25,Central,Furniture,1118.882,20,0.06,46.8875,2016,9,38,1336.44,1651.5368,1091.84,1826.7301000000002,1084.0560500000001
2016-10-02,Central,Furniture,2201.0378,20,0.2299999999999999,-446.8207,2016,10,39,1118.882,366.968,175.648,1693.5664000000002,1222.7223000000001
2016-10-09,Central,Furniture,89.792,13,0.6,-61.832,2016,10,40,2201.0378,3951.9756,1068.088,2152.08385,1360.462025
2016-10-16,Central,Furniture,153.92,9,0.6,-156.714,2016,10,41,89.792,1336.44,313.66,1186.5379500000001,1341.441025
2016-10-23,Central,Furniture,104.242,13,0.3,-16.645400000000002,2016,10,42,153.92,1118.882,9.552,890.9079500000001,1358.819025
2016-10-30,Central,Furniture,67.0,5,0.0,32.16,2016,10,43,104.242,2201.0378,1099.12,637.2479500000002,1165.407175
2016-11-06,Central,Furniture,2266.2508000000003,25,0.364,-394.2002,2016,11,44,67.0,89.792,241.96,103.73850000000012,1127.911175
2016-11-13,Central,Furniture,3203.764,27,0.2142857142857142,297.6582,2016,11,45,2266.2508000000003,153.92,14.896,647.8532000000002,917.195575
2016-11-20,Central,Furniture,884.894,18,0.36,-65.92320000000001,2016,11,46,3203.764,104.242,1651.5368,1410.3142000000003,1150.611075
2016-11-27,Central,Furniture,1568.61,9,0.0,329.4081,2016,11,47,884.894,67.0,366.968,1605.4772,1121.362575
2016-12-04,Central,Furniture,2376.936,30,0.19,-306.52110000000005,2016,12,48,1568.61,2266.2508000000003,3951.9756,1980.8797,1042.3091000000002
2016-12-11,Central,Furniture,4653.53,28,0.12,1003.0854000000002,2016,12,49,2376.936,3203.764,1336.44,2008.5510000000002,1328.2021
2016-12-18,Central,Furniture,2269.2,13,0.0,358.9332,2016,12,50,4653.53,884.894,1118.882,2370.9925000000003,1890.65335
2016-12-25,Central,Furniture,143.70000000000002,4,0.4499999999999999,-14.8938,2016,12,51,2269.2,1568.61,2201.0378,2717.069,2161.2731000000003
2017-01-01,Central,Furniture,2122.6620000000003,28,0.24,-141.7487,2017,1,52,143.70000000000002,2376.936,89.792,2360.8415000000005,2170.8606
2017-01-08,Central,Furniture,913.43,5,0.3,-169.637,2017,1,1,2122.6620000000003,4653.53,153.92,2297.273,2152.912
2017-01-15,Central,Furniture,231.9,5,0.0,61.767,2017,1,2,913.43,2269.2,104.242,1362.2480000000003,1866.62025
2017-01-22,Central,Furniture,302.67,3,0.0,72.6408,2017,1,3,231.9,143.70000000000002,67.0,852.9230000000002,1784.996
2017-01-29,Central,Furniture,225.89,5,0.0,25.7201,2017,1,4,302.67,2122.6620000000003,2266.2508000000003,892.6655000000003,1626.7534999999998
2017-02-05,Central,Furniture,126.155,9,0.3666666666666667,-58.7364,2017,2,5,225.89,913.43,3203.764,418.4725000000002,1357.87275
2017-02-12,Central,Furniture,3.984,2,0.6,-2.6892,2017,2,6,126.155,231.9,884.894,221.65375000000023,791.950875
2017-02-19,Central,Furniture,1178.2764,8,0.43,-298.5981,2017,2,7,3.984,302.67,1568.61,164.67475000000024,508.798875
2017-03-05,Central,Furniture,284.48,6,0.3,-30.5702,2017,3,9,1178.2764,225.89,2376.936,383.5763500000002,638.120925
2017-03-12,Central,Furniture,933.408,4,0.3,-173.3472,2017,3,10,284.48,126.155,4653.53,398.2238500000002,408.34817499999997
2017-03-19,Central,Furniture,172.292,4,0.4499999999999999,-43.8268,2017,3,11,933.408,3.984,2269.2,600.0371000000002,410.84542500000003
2017-03-26,Central,Furniture,3856.15,21,0.0,1030.774,2017,3,12,172.292,1178.2764,143.70000000000002,642.1141000000002,403.394425
2017-04-02,Central,Furniture,2040.4688,12,0.31,-141.30419999999998,2017,4,13,3856.15,284.48,2122.6620000000003,1311.5825000000002,847.579425
2017-04-09,Central,Furniture,580.8599999999999,5,0.0,151.0236,2017,4,14,2040.4688,933.408,913.43,1750.5797000000002,1074.401775
2017-04-23,Central,Furniture,376.018,10,0.5,-76.4756,2017,4,16,580.8599999999999,172.292,231.9,1662.4427000000003,1131.2399
2017-04-30,Central,Furniture,222.2536,5,0.4599999999999999,-43.5509,2017,4,17,376.018,3856.15,302.67,1713.3742000000002,1177.74415
2017-05-07,Central,Furniture,2585.5548,15,0.08,430.4759,2017,5,18,222.2536,2040.4688,225.89,804.9001000000003,1058.2413
2017-05-14,Central,Furniture,907.426,6,0.4499999999999999,-19.8455,2017,5,19,2585.5548,580.8599999999999,126.155,941.1716000000002,1345.87565
2017-05-21,Central,Furniture,24.5,4,0.6,-11.1669,2017,5,20,907.426,376.018,3.984,1022.8131000000002,1342.6279000000002
2017-05-28,Central,Furniture,766.155,10,0.1999999999999999,54.8139,2017,5,21,24.5,222.2536,1178.2764,934.9336000000003,1324.1539
2017-06-04,Central,Furniture,2232.5464,20,0.304,466.0652,2017,6,22,766.155,2585.5548,284.48,1070.9089500000002,937.9045249999999
2017-06-11,Central,Furniture,132.901,4,0.55,-86.2761,2017,6,23,2232.5464,907.426,933.408,982.6568500000004,961.914225
2017-06-18,Central,Furniture,479.158,10,0.4499999999999999,-94.2052,2017,6,24,132.901,24.5,172.292,789.0256000000004,905.91935
2017-06-25,Central,Furniture,945.445,5,0.15,61.4265,2017,6,25,479.158,766.155,3856.15,902.6901000000005,918.8118499999999
2017-07-02,Central,Furniture,1827.0452,16,0.304,-293.5544,2017,7,26,945.445,2232.5464,2040.4688,947.5126000000005,1009.210775
2017-07-09,Central,Furniture,858.4780000000001,14,0.3,-317.0424,2017,7,27,1827.0452,132.901,580.8599999999999,846.1373000000003,914.397075
2017-07-23,Central,Furniture,842.48,12,0.3,-74.7922,2017,7,29,858.4780000000001,479.158,376.018,1027.5315500000004,908.278575
2017-07-30,Central,Furniture,600.7860000000001,9,0.15,68.382,2017,7,30,842.48,945.445,222.2536,1118.3620500000004,1010.5260750000001
2017-08-06,Central,Furniture,183.372,2,0.3,-36.6744,2017,8,31,600.7860000000001,1827.0452,2585.5548,1032.1973000000005,989.8549500000001
2017-08-13,Central,Furniture,121.3,2,0.0,25.473,2017,8,32,183.372,858.4780000000001,907.426,621.2790000000003,733.7081499999999
2017-08-20,Central,Furniture,91.376,6,0.4499999999999999,-24.37,2017,8,33,121.3,842.48,24.5,436.98450000000037,732.258025
2017-08-27,Central,Furniture,64.96,5,0.6,-43.848,2017,8,34,91.376,600.7860000000001,766.155,249.20850000000036,683.7852750000001
2017-09-03,Central,Furniture,606.66,12,0.3,28.84020000000001,2017,9,35,64.96,183.372,2232.5464,115.25200000000035,573.72465
2017-09-10,Central,Furniture,1960.713,28,0.3399999999999999,-697.8487,2017,9,36,606.66,121.3,132.901,221.07400000000035,421.17650000000003
2017-09-17,Central,Furniture,830.6200000000001,10,0.3,-143.18599999999998,2017,9,37,1960.713,91.376,479.158,680.9272500000003,558.9558750000001
2017-09-24,Central,Furniture,1366.344,8,0.0999999999999999,207.4388,2017,9,38,830.6200000000001,64.96,945.445,865.7382500000003,557.473375
2017-10-01,Central,Furniture,269.97,3,0.0,51.2943,2017,10,39,1366.344,606.66,1827.0452,1191.0842500000003,653.168125
2017-10-08,Central,Furniture,157.74,11,0.0,56.7864,2017,10,40,269.97,1960.713,858.4780000000001,1106.9117500000002,663.9928750000001
2017-10-15,Central,Furniture,1477.591,31,0.4166666666666667,-578.8014000000001,2017,10,41,157.74,830.6200000000001,842.48,656.1685000000004,668.5478750000001
2017-10-22,Central,Furniture,930.7642,7,0.205,-41.62010000000001,2017,10,42,1477.591,1366.344,600.7860000000001,817.9112500000003,841.82475
2017-10-29,Central,Furniture,517.405,5,0.3,-81.3065,2017,10,43,930.7642,269.97,183.372,709.0163000000003,950.050275
2017-11-05,Central,Furniture,267.198,4,0.4499999999999999,-76.631,2017,11,44,517.405,157.74,121.3,770.8750500000003,938.8934
2017-11-12,Central,Furniture,395.368,13,0.6,-465.0212,2017,11,45,267.198,1477.591,91.376,798.2395500000002,727.204025
2017-11-19,Central,Furniture,2369.309,32,0.2945454545454545,-381.809,2017,11,46,395.368,930.7642,64.96,527.6838000000004,672.797525
2017-11-26,Central,Furniture,2256.879,20,0.15,309.2645,2017,11,47,2369.309,517.405,606.66,887.3200000000004,798.16815
2017-12-03,Central,Furniture,386.342,10,0.375,-16.8634,2017,12,48,2256.879,267.198,1960.713,1322.1885000000004,1046.531775
2017-12-10,Central,Furniture,1342.568,10,0.1999999999999999,262.5324,2017,12,49,386.342,395.368,830.6200000000001,1351.9745000000003,1075.107025
2017-12-17,Central,Furniture,1897.884,17,0.5,-499.495,2017,12,50,1342.568,2369.309,1366.344,1588.7745000000004,1058.2291500000001
2017-12-24,Central,Furniture,2721.88,18,0.0,609.7419,2017,12,51,1897.884,2256.879,269.97,1470.9182500000002,1179.119125
2017-12-31,Central,Furniture,203.1528,9,0.455,-18.6316,2017,12,52,2721.88,386.342,157.74,1587.1685000000002,1454.6785
2014-05-25,East,Furniture,139.86,7,0.0,60.1398,2014,5,21,849.288,303.708,9.94,653.6127500000003,862.991125
2014-06-08,East,Furniture,1416.252,9,0.15,-363.5374,2014,6,23,139.86,44.92,189.064,612.6507500000004,472.319875
2014-06-22,East,Furniture,1027.972,9,0.2666666666666666,-4.211399999999999,2014,6,25,1416.252,1416.535,302.45,955.4837500000004,562.179625
2014-06-29,East,Furniture,1228.465,5,0.3,0.0,2014,6,26,1027.972,849.288,8.32,858.3430000000003,671.330625
2014-07-13,East,Furniture,1284.126,17,0.12,241.84840000000003,2014,7,28,1228.465,139.86,3265.23,953.1372500000003,803.375
2014-07-20,East,Furniture,102.544,3,0.25,-2.8326,2014,7,29,1284.126,1416.252,697.374,1239.2037500000004,925.92725
2014-08-10,East,Furniture,1133.35,5,0.0,294.671,2014,8,32,102.544,1027.972,154.764,910.7767500000003,933.1302499999999
2014-08-17,East,Furniture,853.092,6,0.4,-227.4912,2014,8,33,1133.35,1228.465,172.11,937.1212500000003,897.732125
2014-08-24,East,Furniture,13.28,2,0.0,6.3744,2014,8,34,853.092,1284.126,303.708,843.2780000000004,898.2076249999999
2014-08-31,East,Furniture,10.68,4,0.0,4.0584,2014,8,35,13.28,102.544,44.92,525.5665000000004,882.385125
2014-09-07,East,Furniture,113.078,3,0.1,13.4233,2014,9,36,10.68,1133.35,1416.535,502.6005000000003,706.6886249999999
2014-09-14,East,Furniture,5541.272,37,0.1428571428571428,632.264,2014,9,37,113.078,853.092,849.288,247.53250000000034,592.326875
2014-09-21,East,Furniture,2966.109,23,0.0857142857142857,418.1496,2014,9,38,5541.272,13.28,139.86,1419.5775000000003,1131.42775
2014-09-28,East,Furniture,785.692,11,0.075,161.1966,2014,9,39,2966.109,10.68,1416.252,2157.7847500000003,1341.6756249999999
2014-10-05,East,Furniture,1198.458,15,0.18,-66.993,2014,10,40,785.692,113.078,1027.972,2351.5377500000004,1427.069125
2014-10-12,East,Furniture,129.92,5,0.2,21.112,2014,10,41,1198.458,5541.272,1228.465,2622.8827500000007,1435.207625
2014-10-19,East,Furniture,2058.172,13,0.0999999999999999,279.8102,2014,10,42,129.92,2966.109,1284.126,1270.0447500000005,1344.811125
2014-10-26,East,Furniture,503.4779999999999,7,0.3,-109.9674,2014,10,43,2058.172,785.692,102.544,1043.0605000000005,1600.422625
2014-11-02,East,Furniture,3634.404,33,0.1125,-251.3491999999999,2014,11,44,503.4779999999999,1198.458,1133.35,972.5070000000005,1662.022375
2014-11-09,East,Furniture,465.97,12,0.1,11.4384,2014,11,45,3634.404,129.92,853.092,1581.4935000000005,2102.188125
2014-11-16,East,Furniture,615.192,8,0.2666666666666666,-228.1288,2014,11,46,465.97,2058.172,13.28,1665.5060000000005,1467.775375
2014-11-23,East,Furniture,5876.372,27,0.1399999999999999,112.0709,2014,11,47,615.192,503.4779999999999,10.68,1304.7610000000006,1173.91075
2014-11-30,East,Furniture,1175.038,20,0.1399999999999999,-3.085000000000001,2014,11,48,5876.372,3634.404,113.078,2647.9845000000005,1810.24575
2014-12-07,East,Furniture,2157.988,29,0.0999999999999999,-53.78779999999999,2014,12,49,1175.038,465.97,5541.272,2033.1430000000005,1807.3182500000003
2014-12-14,East,Furniture,136.53,1,0.4,-52.3365,2014,12,50,2157.988,615.192,2966.109,2456.1475000000005,2060.82675
2014-12-21,East,Furniture,828.836,13,0.1999999999999999,-93.4348,2014,12,51,136.53,5876.372,785.692,2336.482000000001,1820.6215000000002
2014-12-28,East,Furniture,1033.2420000000002,24,0.225,132.91150000000002,2014,12,52,828.836,1175.038,1198.458,1074.5980000000004,1861.29125
2015-01-04,East,Furniture,3560.742,28,0.1833333333333333,13.821000000000026,2015,1,1,1033.2420000000002,2157.988,129.92,1039.1490000000003,1536.146
2015-01-11,East,Furniture,1018.104,4,0.4,-373.3048,2015,1,2,3560.742,136.53,2058.172,1389.8375000000005,1922.9925
2015-02-01,East,Furniture,181.986,2,0.3,-54.5958,2015,2,5,1018.104,828.836,503.4779999999999,1610.2310000000007,1973.3565
2015-02-08,East,Furniture,1643.6219999999998,14,0.0333333333333333,363.936,2015,2,6,181.986,1033.2420000000002,3634.404,1448.5185000000006,1261.55825
2015-03-01,East,Furniture,493.92,7,0.3,-28.224,2015,3,9,1643.6219999999998,3560.742,465.97,1601.1135000000004,1320.13125
2015-03-08,East,Furniture,516.547,11,0.1999999999999999,51.3817,2015,3,10,493.92,1018.104,615.192,834.4080000000005,1112.12275
2015-04-05,East,Furniture,1015.57,12,0.225,-254.728,2015,4,14,516.547,181.986,5876.372,709.0187500000005,1159.624875
2015-04-19,East,Furniture,127.764,2,0.1,2.8392,2015,4,16,1015.57,1643.6219999999998,1175.038,917.4147500000005,1182.966625
2015-05-03,East,Furniture,2176.826,20,0.06,308.13509999999997,2015,5,18,127.764,493.92,2157.988,538.4502500000004,1069.7818750000001
2015-05-10,East,Furniture,242.356,13,0.075,65.598,2015,5,19,2176.826,516.547,136.53,959.1767500000004,896.792375
2015-05-31,East,Furniture,389.106,15,0.125,-78.1326,2015,5,22,242.356,1015.57,828.836,890.6290000000004,799.8238749999999
2015-06-07,East,Furniture,1557.918,12,0.05,181.1772,2015,6,23,389.106,127.764,1033.2420000000002,734.0130000000004,825.7138749999999
2015-06-14,East,Furniture,94.368,8,0.2,9.4368,2015,6,24,1557.918,2176.826,3560.742,1091.5515000000005,815.0008750000001
2015-06-28,East,Furniture,482.94,6,0.5,-376.6932,2015,6,26,94.368,242.356,1018.104,570.9370000000005,765.056875
2015-07-05,East,Furniture,589.338,13,0.175,30.165299999999995,2015,7,27,482.94,389.106,181.986,631.0830000000004,760.856
2015-07-12,East,Furniture,1510.168,34,0.125,80.416,2015,7,28,589.338,1557.918,1643.6219999999998,681.1410000000003,707.577
2015-07-19,East,Furniture,2089.4,11,0.0333333333333333,367.7644,2015,7,29,1510.168,94.368,493.92,669.2035000000004,880.3774999999999
2015-07-26,East,Furniture,128.82,3,0.0,50.2398,2015,7,30,2089.4,482.94,516.547,1167.9615000000003,869.44925
2015-08-02,East,Furniture,1201.762,8,0.2,-275.338,2015,8,31,128.82,589.338,1015.57,1079.4315000000004,855.25725
2015-08-09,East,Furniture,446.0259999999999,17,0.1,-127.4112,2015,8,32,1201.762,1510.168,127.764,1232.5375000000004,956.83925
2015-08-16,East,Furniture,555.822,6,0.35,-204.9996,2015,8,33,446.0259999999999,2089.4,2176.826,966.5020000000004,817.85275
2015-08-23,East,Furniture,624.442,4,0.25,-46.6446,2015,8,34,555.822,128.82,242.356,583.1075000000004,875.5345
2015-08-30,East,Furniture,299.274,5,0.2,-71.2083,2015,8,35,624.442,1201.762,389.106,707.0130000000004,893.22225
2015-09-06,East,Furniture,456.864,5,0.0333333333333333,102.9362,2015,9,36,299.274,446.0259999999999,1557.918,481.3910000000004,856.96425
2015-09-13,East,Furniture,1090.15,13,0.16,3.2808999999999977,2015,9,37,456.864,555.822,94.368,484.10050000000047,725.3012500000001
2015-09-20,East,Furniture,10030.622,26,0.2571428571428572,-1609.2278,2015,9,38,1090.15,624.442,482.94,617.6825000000005,600.395
2015-09-27,East,Furniture,730.822,6,0.0333333333333333,162.5042,2015,9,39,10030.622,299.274,589.338,2969.2275000000004,1838.12025
2015-10-04,East,Furniture,100.434,4,0.35,-9.121200000000002,2015,10,40,730.822,456.864,1510.168,3077.1145000000006,1779.2527499999999
2015-10-18,East,Furniture,1735.158,8,0.2666666666666666,145.3904,2015,10,42,100.434,1090.15,2089.4,2988.007,1736.0537499999998
2015-10-25,East,Furniture,291.1,5,0.0,75.686,2015,10,43,1735.158,10030.622,128.82,3149.2590000000005,1883.47075
2015-11-01,East,Furniture,792.428,11,0.0666666666666666,141.9922,2015,11,44,291.1,730.822,1201.762,714.3785000000005,1841.8029999999999
2015-11-08,East,Furniture,9889.59,36,0.0571428571428571,2083.4092,2015,11,45,792.428,100.434,446.0259999999999,729.7800000000004,1903.4472499999997
2015-11-15,East,Furniture,376.11,6,0.0,83.64330000000001,2015,11,46,9889.59,1735.158,555.822,3177.0690000000004,3082.5379999999996
2015-11-22,East,Furniture,2243.75,25,0.2799999999999999,-566.1368,2015,11,47,376.11,291.1,624.442,2837.3070000000007,2993.2829999999994
2015-11-29,East,Furniture,1117.888,19,0.0833333333333333,139.4052,2015,11,48,2243.75,792.428,299.274,3325.4695000000006,2019.924
2015-12-06,East,Furniture,2172.408,38,0.1222222222222222,191.7734,2015,12,49,1117.888,9889.59,456.864,3406.8345000000004,2068.30725
2015-12-13,East,Furniture,542.94,3,0.0,141.1644,2015,12,50,2172.408,376.11,1090.15,1477.5390000000004,2327.3039999999996
2015-12-20,East,Furniture,1316.028,11,0.25,-36.3146,2015,12,51,542.94,2243.75,10030.622,1519.2465000000007,2178.27675
2015-12-27,East,Furniture,3092.611,27,0.2833333333333334,-473.2846,2015,12,52,1316.028,1117.888,730.822,1287.3160000000005,2306.39275
2016-01-03,East,Furniture,173.94,3,0.0,38.2668,2016,1,53,3092.611,2172.408,100.434,1780.9967500000005,2593.915625
2016-01-10,East,Furniture,15.168,2,0.2,3.792,2016,1,1,173.94,542.94,1735.158,1281.3797500000003,1379.459375
2016-01-17,East,Furniture,559.379,18,0.1666666666666666,57.8716,2016,1,2,15.168,1316.028,291.1,1149.4367500000005,1334.3416249999998
2016-01-31,East,Furniture,359.702,4,0.2,-91.5287,2016,1,4,559.379,3092.611,792.428,960.2745000000004,1123.79525
2016-02-14,East,Furniture,560.991,9,0.15,-42.5334,2016,2,6,359.702,173.94,9889.59,277.0472500000004,1029.022
2016-02-21,East,Furniture,803.816,19,0.02,186.5698,2016,2,7,560.991,15.168,376.11,373.8100000000004,827.594875
2016-03-06,East,Furniture,836.592,8,0.4,-264.9208,2016,3,9,803.816,559.379,2243.75,570.9720000000004,860.2043749999999
2016-03-13,East,Furniture,1306.306,22,0.1666666666666666,83.5148,2016,3,10,836.592,359.702,1117.888,640.2752500000005,800.274875
2016-03-20,East,Furniture,1028.68,15,0.05,272.6801,2016,3,11,1306.306,560.991,2172.408,876.9262500000004,576.98675
2016-03-27,East,Furniture,301.47,3,0.5,-241.176,2016,3,12,1028.68,803.816,542.94,993.8485000000005,683.82925
2016-04-03,East,Furniture,2359.4629999999997,25,0.175,303.656,2016,4,13,301.47,836.592,1316.028,868.2620000000005,719.617
2016-04-10,East,Furniture,1130.09,11,0.1,148.9668,2016,4,14,2359.4629999999997,1306.306,3092.611,1248.9797500000004,944.6274999999999
2016-04-17,East,Furniture,9.96,2,0.0,3.2868,2016,4,15,1130.09,1028.68,173.94,1204.9257500000003,1040.926
2016-04-24,East,Furniture,205.176,2,0.4,-58.1332,2016,4,16,9.96,301.47,15.168,950.2457500000003,972.0471249999999
2016-05-01,East,Furniture,434.646,3,0.1,62.7822,2016,5,17,205.176,2359.4629999999997,559.379,926.1722500000004,897.2171249999999
2016-05-08,East,Furniture,1052.344,30,0.0714285714285714,239.2185,2016,5,18,434.646,1130.09,359.702,444.9680000000004,846.973875
2016-05-15,East,Furniture,89.404,4,0.1,34.1778,2016,5,19,1052.344,9.96,560.991,425.53150000000045,815.228625
2016-05-22,East,Furniture,423.206,18,0.075,24.8176,2016,5,20,89.404,205.176,803.816,445.39250000000044,697.8191249999999
2016-05-29,East,Furniture,41.37,3,0.0,17.3754,2016,5,21,423.206,434.646,836.592,499.90000000000043,713.036125
2016-06-05,East,Furniture,197.904,5,0.1,25.9102,2016,6,22,41.37,1052.344,1306.306,401.5810000000004,423.2745
2016-06-12,East,Furniture,596.0,8,0.1333333333333333,53.3196,2016,6,23,197.904,89.404,1028.68,187.9710000000004,306.75124999999997
2016-06-19,East,Furniture,1033.452,10,0.3,-324.471,2016,6,24,596.0,423.206,301.47,314.6200000000004,380.00625
2016-06-26,East,Furniture,813.366,8,0.1666666666666666,-49.4526,2016,6,25,1033.452,41.37,2359.4629999999997,467.18150000000037,483.54075
2016-07-03,East,Furniture,121.96,2,0.0,20.7332,2016,7,26,813.366,197.904,1130.09,660.1805000000004,530.88075
2016-07-10,East,Furniture,573.286,6,0.05,87.40960000000001,2016,7,27,121.96,596.0,9.96,641.1945000000004,414.58275
2016-07-17,East,Furniture,579.136,4,0.2,21.7176,2016,7,28,573.286,1033.452,205.176,635.5160000000004,475.068
2016-07-24,East,Furniture,292.832,7,0.1,43.6872,2016,7,29,579.136,813.366,434.646,521.9370000000004,494.55924999999996
2016-07-31,East,Furniture,177.45,5,0.5,-78.078,2016,7,30,292.832,121.96,1052.344,391.8035000000004,525.992
2016-08-07,East,Furniture,19.312,2,0.2,3.1382,2016,8,31,177.45,573.286,89.404,405.6760000000004,523.43525
2016-08-14,East,Furniture,354.91200000000003,4,0.25,-74.3282,2016,8,32,19.312,579.136,423.206,267.18250000000035,451.34925
2016-08-21,East,Furniture,1388.466,16,0.25,-276.019,2016,8,33,354.91200000000003,292.832,41.37,211.12650000000042,366.53175
2016-08-28,East,Furniture,244.615,1,0.3,20.967,2016,8,34,1388.466,177.45,197.904,485.0350000000004,438.4192499999999
2016-09-04,East,Furniture,1847.984,23,0.15,-265.2506,2016,9,35,244.615,19.312,596.0,501.8262500000004,453.751125
2016-09-11,East,Furniture,2081.103,24,0.2142857142857142,42.27629999999999,2016,9,36,1847.984,354.91200000000003,1033.452,958.9942500000004,613.088375
2016-09-18,East,Furniture,1153.826,20,0.075,277.1316,2016,9,37,2081.103,1388.466,813.366,1390.5420000000004,800.8342499999999
2016-09-25,East,Furniture,1614.028,19,0.18,215.8416,2016,9,38,1153.826,244.615,121.96,1331.8820000000005,908.4585
2016-10-02,East,Furniture,854.508,6,0.3,-141.9018,2016,10,39,1614.028,1847.984,573.286,1674.2352500000006,1088.0307500000001
2016-10-09,East,Furniture,1171.496,12,0.1999999999999999,44.323600000000006,2016,10,40,854.508,2081.103,579.136,1425.8662500000005,1192.4302500000001
2016-10-16,East,Furniture,224.442,4,0.2,-4.188600000000001,2016,10,41,1171.496,1153.826,292.832,1198.4645000000005,1294.50325
2016-10-23,East,Furniture,1826.076,7,0.1333333333333333,52.105599999999995,2016,10,42,224.442,1614.028,177.45,966.1185000000005,1149.00025
2016-10-30,East,Furniture,1302.244,26,0.025,213.7772,2016,10,43,1826.076,854.508,19.312,1019.1305000000004,1346.682875
2016-11-06,East,Furniture,962.99,12,0.3,-27.514,2016,11,44,1302.244,1171.496,354.91200000000003,1131.0645000000004,1278.465375
2016-11-13,East,Furniture,3855.182,28,0.24,3.937999999999999,2016,11,45,962.99,224.442,1388.466,1078.9380000000006,1138.70125
2016-11-20,East,Furniture,943.53,15,0.22,18.4024,2016,11,46,3855.182,1826.076,244.615,1986.6230000000005,1476.37075
2016-11-27,East,Furniture,996.266,28,0.1666666666666666,22.24740000000001,2016,11,47,943.53,1302.244,1847.984,1765.9865000000004,1392.5584999999999
2016-12-04,East,Furniture,2878.269,35,0.1222222222222222,172.6737,2016,12,48,996.266,962.99,2081.103,1689.4920000000004,1410.2782499999998
2016-12-11,East,Furniture,882.36,10,0.175,-258.47749999999996,2016,12,49,2878.269,3855.182,1153.826,2168.3117500000003,1623.624875
2016-12-18,East,Furniture,457.27,9,0.0,218.3755,2016,12,50,882.36,943.53,1614.028,1425.1062500000005,1705.864625
2016-12-25,East,Furniture,4867.478,31,0.1333333333333333,550.5816,2016,12,51,457.27,996.266,854.508,1303.5412500000002,1534.7638749999999
2017-01-01,East,Furniture,432.622,8,0.1666666666666666,34.1096,2017,1,52,4867.478,2878.269,1171.496,2271.34425,1980.418125
2017-01-15,East,Furniture,37.68,2,0.0,15.8256,2017,1,2,432.622,882.36,224.442,1659.9325000000003,1914.1221249999999
2017-01-22,East,Furniture,1127.085,8,0.1999999999999999,-54.6735,2017,1,3,37.68,457.27,1826.076,1448.7625000000003,1436.9343749999998
2017-02-12,East,Furniture,388.352,3,0.2,26.4088,2017,2,6,1127.085,4867.478,1302.244,1616.2162500000004,1459.87875
2017-02-19,East,Furniture,1385.544,12,0.3,-110.9524,2017,2,7,388.352,432.622,962.99,496.43475000000046,1383.8895
2017-03-05,East,Furniture,441.96,2,0.0,101.6508,2017,3,9,1385.544,37.68,3855.182,734.6652500000005,1197.298875
2017-03-12,East,Furniture,304.02200000000005,10,0.16,-6.100700000000002,2017,3,10,441.96,1127.085,943.53,835.7352500000004,1142.248875
2017-03-19,East,Furniture,51.264,6,0.2,7.6896,2017,3,11,304.02200000000005,388.352,996.266,629.9695000000005,1123.092875
2017-03-26,East,Furniture,737.178,7,0.1333333333333333,33.725,2017,3,12,51.264,1385.544,2878.269,545.6975000000004,521.0661249999999
2017-04-02,East,Furniture,44.788,4,0.1,9.5414,2017,4,13,737.178,441.96,882.36,383.6060000000004,559.135625
2017-04-09,East,Furniture,25.472,4,0.2,7.6416,2017,4,14,44.788,304.02200000000005,457.27,284.3130000000004,560.0241249999999
2017-04-16,East,Furniture,353.474,11,0.1333333333333333,35.6073,2017,4,15,25.472,51.264,4867.478,214.6755000000004,422.3225
2017-04-23,East,Furniture,1317.86,20,0.16,252.4177,2017,4,16,353.474,737.178,432.622,290.2280000000004,417.96274999999997
2017-04-30,East,Furniture,1048.35,5,0.4,-69.89,2017,4,17,1317.86,44.788,37.68,435.39850000000035,409.50225
2017-05-07,East,Furniture,535.8480000000001,10,0.2,-91.7472,2017,5,18,1048.35,25.472,1127.085,686.2890000000004,485.30099999999993
2017-05-14,East,Furniture,939.29,17,0.18,-111.2676,2017,5,19,535.8480000000001,353.474,388.352,813.8830000000004,514.2792499999999
2017-05-21,East,Furniture,534.6099999999999,7,0.0,79.0678,2017,5,20,939.29,1317.86,1385.544,960.3370000000004,625.2824999999999
2017-05-28,East,Furniture,409.7,17,0.125,52.4272,2017,5,21,534.6099999999999,1048.35,441.96,764.5245000000004,599.9615
2017-06-04,East,Furniture,384.768,2,0.4,-115.4304,2017,6,22,409.7,535.8480000000001,304.02200000000005,604.8620000000004,645.5755
2017-06-18,East,Furniture,858.24,4,0.1,143.04,2017,6,24,384.768,939.29,51.264,567.0920000000004,690.4875
2017-06-25,East,Furniture,1667.058,20,0.1666666666666666,43.7284,2017,6,25,858.24,534.6099999999999,737.178,546.8295000000005,753.5832499999999
2017-07-02,East,Furniture,1922.486,20,0.1,-60.44409999999998,2017,7,26,1667.058,409.7,44.788,829.9415000000004,797.233
2017-07-09,East,Furniture,528.558,12,0.18,-107.6696,2017,7,27,1922.486,384.768,25.472,1208.1380000000004,906.5
2017-07-16,East,Furniture,1533.889,25,0.22,206.9335,2017,7,28,528.558,858.24,353.474,1244.0855000000006,905.58875
2017-07-23,East,Furniture,585.508,14,0.1,57.0044,2017,7,29,1533.889,1667.058,1317.86,1412.9977500000005,979.913625
2017-07-30,East,Furniture,173.574,6,0.2,-27.6123,2017,7,30,585.508,1922.486,1048.35,1142.6102500000006,986.2758749999999
2017-08-13,East,Furniture,1779.9,5,0.0,373.779,2017,8,32,173.574,528.558,535.8480000000001,705.3822500000005,956.760125
2017-08-20,East,Furniture,5017.178,18,0.08,-487.0748,2017,8,33,1779.9,1533.889,939.29,1018.2177500000005,1131.151625
2017-08-27,East,Furniture,2051.016,17,0.24,-430.8192,2017,8,34,5017.178,585.508,534.6099999999999,1889.0400000000004,1651.018875
2017-09-03,East,Furniture,1951.013,19,0.1285714285714286,173.1278,2017,9,35,2051.016,173.574,409.7,2255.4170000000004,1699.013625
2017-09-10,East,Furniture,224.508,6,0.2333333333333333,-55.8584,2017,9,36,1951.013,1779.9,384.768,2699.7767500000004,1702.5795
2017-09-17,East,Furniture,2232.09,37,0.1,349.5906,2017,9,37,224.508,5017.178,858.24,2310.9287500000005,1664.57325
2017-09-24,East,Furniture,5621.12,26,0.0857142857142857,1043.4257,2017,9,38,2232.09,2051.016,1667.058,1614.6567500000006,1751.848375
2017-10-01,East,Furniture,964.92,18,0.2,-89.74759999999999,2017,10,39,5621.12,1951.013,1922.486,2507.1827500000004,2381.2998749999997
2017-10-08,East,Furniture,471.046,9,0.05,36.1096,2017,10,40,964.92,224.508,528.558,2260.6595,2480.218125
2017-10-15,East,Furniture,3228.964,17,0.1399999999999999,63.206800000000015,2017,10,41,471.046,2232.09,1533.889,2322.2940000000003,2316.6113749999995
2017-10-22,East,Furniture,888.2239999999999,19,0.1333333333333333,114.0112,2017,10,42,3228.964,5621.12,585.508,2571.5125000000003,2093.084625
2017-10-29,East,Furniture,1193.4,24,0.12,-47.0592,2017,10,43,888.2239999999999,964.92,173.574,1388.2885000000003,1947.735625
2017-11-05,East,Furniture,561.876,14,0.1999999999999999,-37.7324,2017,11,44,1193.4,471.046,1779.9,1445.4085000000005,1853.0339999999999
2017-11-12,East,Furniture,1121.424,26,0.1399999999999999,25.565799999999975,2017,11,45,561.876,3228.964,5017.178,1468.1160000000004,1895.205
2017-11-19,East,Furniture,422.684,10,0.1333333333333333,78.6478,2017,11,46,1121.424,888.2239999999999,2051.016,941.2310000000004,1756.3717499999998
2017-11-26,East,Furniture,1802.822,35,0.1222222222222222,227.5834,2017,11,47,422.684,1193.4,1951.013,824.8460000000005,1106.56725
2017-12-03,East,Furniture,8364.310000000001,58,0.1727272727272727,208.60659999999996,2017,12,48,1802.822,561.876,224.508,977.2015000000005,1211.3049999999998
2017-12-10,East,Furniture,1838.186,49,0.1214285714285714,111.1637,2017,12,49,8364.310000000001,1121.424,2232.09,2927.810000000001,2197.9629999999997
2017-12-17,East,Furniture,1002.604,8,0.2,-27.1976,2017,12,50,1838.186,422.684,5621.12,3107.0005000000006,2024.11575
2017-12-24,East,Furniture,1900.982,20,0.0285714285714285,302.1637,2017,12,51,1002.604,1802.822,964.92,3251.9805000000006,2038.41325
2017-12-31,East,Furniture,830.1400000000001,10,0.2,-76.84620000000001,2017,12,52,1900.982,8364.310000000001,471.046,3276.5205000000005,2126.861
2014-06-15,South,Furniture,1441.3,7,0.0,245.021,2014,6,24,170.352,613.544,2625.76,279.2440000000004,657.5119999999997
2014-06-22,South,Furniture,104.01,1,0.0,14.5614,2014,6,25,1441.3,310.88,545.94,486.18300000000045,689.4724999999997
2014-06-29,South,Furniture,85.98,1,0.0,22.3548,2014,6,26,104.01,22.2,1207.028,434.46550000000036,648.7917499999998
2014-07-06,South,Furniture,232.736,5,0.2,21.3592,2014,7,27,85.98,170.352,1256.22,450.4105000000004,496.64324999999974
2014-07-27,South,Furniture,93.59,5,0.0,27.5832,2014,7,30,232.736,1441.3,1185.616,466.0065000000004,372.62524999999977
2014-08-03,South,Furniture,174.01600000000002,10,0.2,25.124,2014,8,31,93.59,104.01,429.456,129.0790000000004,307.63099999999974
2014-08-10,South,Furniture,155.456,4,0.2,-7.7728,2014,8,32,174.01600000000002,85.98,1303.168,146.5805000000004,290.52299999999974
2014-08-24,South,Furniture,1139.06,22,0.0,317.55100000000004,2014,8,34,155.456,232.736,1224.88,163.9495000000004,307.1799999999998
2014-08-31,South,Furniture,1406.1185,10,0.15,202.4921,2014,8,35,1139.06,93.59,613.544,390.5305000000004,428.26849999999973
2014-09-07,South,Furniture,31.984,2,0.2,1.999,2014,9,36,1406.1185,174.01600000000002,310.88,718.6626250000004,423.8708124999998
2014-09-14,South,Furniture,155.52800000000002,8,0.1,56.4623,2014,9,37,31.984,155.456,22.2,683.1546250000005,414.86756249999974
2014-09-28,South,Furniture,337.088,4,0.2,16.8544,2014,9,39,155.52800000000002,1139.06,170.352,683.1726250000004,423.5610624999998
2014-10-12,South,Furniture,8.92,4,0.0,3.9248,2014,10,41,337.088,1406.1185,1441.3,482.67962500000044,436.60506249999975
2014-10-19,South,Furniture,1166.604,13,0.0666666666666666,220.2843,2014,10,42,8.92,31.984,104.01,133.3800000000004,426.0213124999998
2014-10-26,South,Furniture,1049.83,11,0.1333333333333333,-25.12109999999999,2014,10,43,1166.604,155.52800000000002,85.98,417.0350000000004,550.0948124999998
2014-11-09,South,Furniture,1505.288,14,0.2,-310.0824,2014,11,45,1049.83,337.088,232.736,640.6105000000005,661.8915624999997
2014-11-30,South,Furniture,508.75,10,0.0,92.642,2014,11,48,1505.288,8.92,93.59,932.6605000000004,707.6700624999999
2014-12-14,South,Furniture,186.304,4,0.2,13.9728,2014,12,50,508.75,1166.604,174.01600000000002,1057.6180000000004,595.4989999999998
2014-12-21,South,Furniture,6225.612,41,0.0666666666666666,943.374,2014,12,51,186.304,1049.83,155.456,812.5430000000003,614.7889999999998
2014-12-28,South,Furniture,64.784,1,0.2,6.4784,2014,12,52,6225.612,1505.288,1139.06,2106.4885000000004,1373.5494999999999
2015-01-04,South,Furniture,192.22,14,0.0,69.1992,2015,1,1,64.784,508.75,1406.1185,1746.3625000000002,1339.5114999999998
2015-02-01,South,Furniture,4297.644,13,0.4,-1862.3124,2015,2,5,192.22,186.304,31.984,1667.2300000000002,1362.424
2015-03-01,South,Furniture,551.264,10,0.2,15.566400000000002,2015,3,9,4297.644,6225.612,155.52800000000002,2695.0650000000005,1753.8039999999996
2015-03-15,South,Furniture,37.288,7,0.2,5.3018,2015,3,11,551.264,64.784,337.088,1276.4780000000005,1691.4832499999998
2015-03-29,South,Furniture,1166.92,5,0.2,131.2785,2015,3,13,37.288,192.22,8.92,1269.6040000000005,1507.98325
2015-04-12,South,Furniture,121.888,5,0.2,24.4176,2015,4,15,1166.92,4297.644,1166.604,1513.2790000000005,1590.2545
2015-04-19,South,Furniture,1720.12,16,0.0,245.2684,2015,4,16,121.888,551.264,1049.83,469.34000000000043,1582.2024999999999
2015-04-26,South,Furniture,2117.7115,22,0.1416666666666667,195.4144,2015,4,17,1720.12,37.288,1505.288,761.5540000000004,1019.0159999999997
2015-05-03,South,Furniture,63.552,3,0.2,14.2992,2015,5,18,2117.7115,1166.92,508.75,1281.6598750000003,1275.6319374999998
2015-05-24,South,Furniture,163.136,4,0.2,20.392,2015,5,21,63.552,121.888,186.304,1005.8178750000004,1259.5484374999996
2015-06-14,South,Furniture,1374.96,17,0.15,-119.0799,2015,6,24,163.136,1720.12,6225.612,1016.1298750000004,742.7349374999998
2015-06-21,South,Furniture,703.976,7,0.1,75.7432,2015,6,25,1374.96,2117.7115,64.784,929.8398750000005,845.6969374999998
2015-06-28,South,Furniture,360.36,6,0.0,89.22840000000001,2015,6,26,703.976,63.552,192.22,576.4060000000005,929.0329374999998
2015-07-05,South,Furniture,240.676,15,0.15,52.401,2015,7,27,360.36,163.136,4297.644,650.6080000000004,828.2129374999998
2015-07-19,South,Furniture,231.92,5,0.2,5.798,2015,7,29,240.676,1374.96,551.264,669.9930000000005,843.0614374999998
2015-07-26,South,Furniture,379.52,5,0.0,45.5164,2015,7,30,231.92,703.976,37.288,384.23300000000046,657.0364374999998
2015-08-16,South,Furniture,46.152,3,0.2,12.1149,2015,8,33,379.52,360.36,1166.92,303.1190000000005,439.7624999999998
2015-09-06,South,Furniture,153.94,5,0.0,34.5876,2015,9,36,46.152,240.676,121.888,224.56700000000046,437.58749999999975
2015-09-13,South,Furniture,151.29000000000002,11,0.0,21.1098,2015,9,37,153.94,231.92,1720.12,202.88300000000046,436.43799999999976
2015-09-20,South,Furniture,1992.46,16,0.08,511.771,2015,9,38,151.29000000000002,379.52,2117.7115,182.72550000000047,283.47924999999975
2015-09-27,South,Furniture,2255.52,12,0.0,588.7954,2015,9,39,1992.46,46.152,63.552,585.9605000000005,444.5397499999998
2015-10-04,South,Furniture,392.94,3,0.0,43.2234,2015,10,40,2255.52,153.94,163.136,1138.3025000000005,681.4347499999998
2015-10-11,South,Furniture,957.5775,5,0.45,-383.031,2015,10,41,392.94,151.29000000000002,1374.96,1198.0525000000005,700.4677499999997
2015-10-18,South,Furniture,287.94,3,0.0,77.7438,2015,10,42,957.5775,1992.46,703.976,1399.6243750000006,791.1749374999997
2015-11-01,South,Furniture,359.16999999999996,14,0.0,67.3649,2015,11,44,287.94,2255.52,360.36,973.4943750000004,779.7274374999997
2015-11-08,South,Furniture,398.252,7,0.1333333333333333,68.3274,2015,11,45,359.16999999999996,392.94,240.676,499.4068750000004,818.8546874999997
2015-11-15,South,Furniture,710.016,10,0.1333333333333333,-41.2131,2015,11,46,398.252,957.5775,231.92,500.73487500000044,849.3936874999997
2015-11-22,South,Furniture,308.52799999999996,4,0.2,-31.522799999999997,2015,11,47,710.016,287.94,379.52,438.84450000000044,919.2344374999997
2015-11-29,South,Furniture,1067.9295,14,0.325,33.4203,2015,11,48,308.52799999999996,359.16999999999996,46.152,443.9915000000004,708.7429374999997
2015-12-06,South,Furniture,528.2080000000001,9,0.2,49.8762,2015,12,49,1067.9295,398.252,153.94,621.1813750000005,560.2941249999998
2015-12-13,South,Furniture,283.92,4,0.0,70.98,2015,12,50,528.2080000000001,710.016,151.29000000000002,653.6703750000005,577.2026249999998
2015-12-20,South,Furniture,26.48,7,0.1,5.527200000000001,2015,12,51,283.92,308.52799999999996,1992.46,547.1463750000005,492.99543749999975
2015-12-27,South,Furniture,460.336,11,0.1333333333333333,71.0992,2015,12,52,26.48,1067.9295,2255.52,476.6343750000005,460.31293749999975
2016-01-17,South,Furniture,315.776,8,0.2,31.5776,2016,1,2,460.336,528.2080000000001,392.94,324.7360000000005,472.95868749999977
2016-01-24,South,Furniture,465.408,12,0.2,-63.3888,2016,1,3,315.776,283.92,957.5775,271.6280000000005,462.64918749999975
2016-02-07,South,Furniture,1276.134,20,0.04,274.1402,2016,2,5,465.408,26.48,287.94,317.00000000000045,432.0731874999998
2016-02-21,South,Furniture,318.08,4,0.0,34.9888,2016,2,7,1276.134,460.336,359.16999999999996,629.4135000000005,553.0239374999998
2016-03-13,South,Furniture,307.15999999999997,9,0.0666666666666666,68.6203,2016,3,10,318.08,315.776,398.252,593.8495000000005,459.2927499999998
2016-03-20,South,Furniture,276.332,10,0.2,-56.903000000000006,2016,3,11,307.15999999999997,465.408,710.016,591.6955000000004,431.66174999999976
2016-03-27,South,Furniture,60.16,5,0.0,19.8808,2016,3,12,276.332,1276.134,308.52799999999996,544.4265000000005,430.7132499999998
2016-04-03,South,Furniture,7.04,4,0.0,3.0976,2016,4,13,60.16,318.08,1067.9295,240.43300000000045,434.92324999999977
2016-04-10,South,Furniture,514.8199999999999,9,0.0,120.709,2016,4,14,7.04,307.15999999999997,528.2080000000001,162.67300000000046,378.2612499999998
2016-04-17,South,Furniture,441.664,17,0.1333333333333333,95.794,2016,4,15,514.8199999999999,276.332,283.92,214.58800000000042,403.1417499999998
2016-05-01,South,Furniture,370.62,3,0.4,-142.071,2016,5,17,441.664,60.16,26.48,255.92100000000042,400.1737499999997
2016-05-08,South,Furniture,203.776,14,0.2,15.035,2016,5,18,370.62,7.04,460.336,333.5360000000004,286.98449999999974
2016-05-15,South,Furniture,30.192,3,0.2,8.3028,2016,5,19,203.776,514.8199999999999,315.776,382.7200000000004,272.6964999999998
2016-05-22,South,Furniture,641.96,2,0.0,179.7488,2016,5,20,30.192,441.664,465.408,261.56300000000044,238.07549999999975
2016-05-29,South,Furniture,459.992,15,0.1333333333333333,-3.604999999999997,2016,5,21,641.96,370.62,1276.134,311.6370000000004,283.77899999999977
2016-06-05,South,Furniture,2275.5,10,0.0,386.835,2016,6,22,459.992,203.776,318.08,333.9800000000004,333.7579999999998
2016-07-03,South,Furniture,1266.86,7,0.0,291.3778,2016,7,26,2275.5,30.192,307.15999999999997,851.9110000000004,617.3154999999997
2016-07-17,South,Furniture,51.75,1,0.0,15.525,2016,7,28,1266.86,641.96,276.332,1161.0780000000004,711.3204999999998
2016-07-24,South,Furniture,1195.21,17,0.05,241.7396,2016,7,29,51.75,459.992,60.16,1013.5255000000004,662.5812499999998
2016-07-31,South,Furniture,2430.08,8,0.0,388.8128,2016,7,30,1195.21,2275.5,7.04,1197.3300000000004,765.6549999999999
2016-08-07,South,Furniture,109.8,9,0.0,46.116,2016,8,31,2430.08,1266.86,514.8199999999999,1235.9750000000004,1043.9429999999998
2016-08-14,South,Furniture,562.2925,7,0.45,-255.5875,2016,8,32,109.8,51.75,441.664,946.7100000000005,1053.8939999999998
2016-08-21,South,Furniture,225.296,2,0.2,22.5296,2016,8,33,562.2925,1195.21,370.62,1074.3456250000004,1043.9355624999998
2016-08-28,South,Furniture,186.54,3,0.0,41.0388,2016,8,34,225.296,2430.08,203.776,831.8671250000004,1014.5985624999998
2016-09-04,South,Furniture,515.1179999999999,6,0.2,-133.0167,2016,9,35,186.54,109.8,30.192,270.98212500000045,753.4785624999998
2016-09-11,South,Furniture,1652.94,3,0.0,314.0586,2016,9,36,515.1179999999999,562.2925,641.96,372.31162500000045,659.5108124999997
2016-09-18,South,Furniture,1915.318,11,0.1125,254.5066,2016,9,37,1652.94,225.296,459.992,644.9735000000005,859.6595624999998
2016-09-25,South,Furniture,497.73,8,0.1,77.5467,2016,9,38,1915.318,186.54,2275.5,1067.4790000000005,949.6730624999998
2016-10-09,South,Furniture,11.568,3,0.2,2.6028,2016,10,40,497.73,515.1179999999999,1266.86,1145.2765000000004,708.1293124999997
2016-10-16,South,Furniture,102.592,1,0.2,10.2592,2016,10,41,11.568,1652.94,51.75,1019.3890000000005,695.8503124999997
2016-10-23,South,Furniture,146.588,11,0.0666666666666666,39.1908,2016,10,42,102.592,1915.318,1195.21,631.8020000000004,638.3877499999998
2016-10-30,South,Furniture,567.9480000000001,9,0.15,130.703,2016,10,43,146.588,497.73,2430.08,189.61950000000047,628.5492499999998
2016-11-06,South,Furniture,3068.148,35,0.125,9.513799999999977,2016,11,44,567.9480000000001,11.568,109.8,207.1740000000005,676.2252499999997
2016-11-13,South,Furniture,993.9,5,0.0,261.49559999999997,2016,11,45,3068.148,102.592,562.2925,971.3190000000005,995.3539999999998
2016-11-20,South,Furniture,919.592,6,0.3,-188.6488,2016,11,46,993.9,146.588,225.296,1194.1460000000004,912.9739999999998
2016-11-27,South,Furniture,670.943,12,0.325,-105.8554,2016,11,47,919.592,567.9480000000001,186.54,1387.3970000000006,788.5082499999997
2016-12-04,South,Furniture,182.67,3,0.0,52.9743,2016,12,48,670.943,3068.148,515.1179999999999,1413.1457500000006,810.1598749999998
2016-12-11,South,Furniture,1328.654,13,0.1333333333333333,204.015,2016,12,49,182.67,993.9,1652.94,691.7762500000005,831.5476249999998
2016-12-18,South,Furniture,133.38,6,0.0,58.6872,2016,12,50,1328.654,919.592,1915.318,775.4647500000004,984.8053749999999
2016-12-25,South,Furniture,935.53,15,0.0,311.0192,2016,12,51,133.38,670.943,497.73,578.9117500000004,983.1543749999997
2017-01-29,South,Furniture,62.72,4,0.0,24.4608,2017,1,4,935.53,182.67,11.568,645.0585000000004,1029.102125
2017-02-05,South,Furniture,419.136,4,0.2,-68.1096,2017,2,5,62.72,1328.654,102.592,615.0710000000005,653.4236249999997
2017-02-12,South,Furniture,359.97,3,0.0,79.1934,2017,2,6,419.136,133.38,146.588,387.6915000000005,581.5781249999998
2017-02-26,South,Furniture,428.7039999999999,7,0.2,-16.340200000000003,2017,2,8,359.97,935.53,567.9480000000001,444.3390000000004,511.6253749999998
2017-04-02,South,Furniture,1111.202,15,0.04,156.6917,2017,4,13,428.7039999999999,62.72,3068.148,317.63250000000045,481.3454999999998
2017-04-09,South,Furniture,1168.8265,14,0.275,-334.5354,2017,4,14,1111.202,419.136,993.9,579.7530000000004,597.4119999999998
2017-04-16,South,Furniture,210.592,13,0.2,-30.3712,2017,4,15,1168.8265,359.97,919.592,767.1756250000004,577.4335624999998
2017-04-23,South,Furniture,465.088,7,0.2,-26.2104,2017,4,16,210.592,428.7039999999999,670.943,729.8311250000005,587.0850624999997
2017-04-30,South,Furniture,244.384,14,0.2,-2.0604000000000005,2017,4,17,465.088,1111.202,182.67,738.9271250000004,528.2798124999997
2017-05-07,South,Furniture,4051.534,12,0.2833333333333334,-473.8644,2017,5,18,244.384,1168.8265,1328.654,522.2226250000004,550.9878124999997
2017-05-14,South,Furniture,207.0,3,0.2,25.875,2017,5,19,4051.534,210.592,133.38,1242.8995000000004,1005.0375624999997
2017-05-21,South,Furniture,2246.112,15,0.0666666666666666,414.999,2017,5,20,207.0,465.088,935.53,1242.0015000000008,985.9163124999998
2017-05-28,South,Furniture,301.96,2,0.0,33.2156,2017,5,21,2246.112,244.384,62.72,1687.2575000000006,1213.0923124999997
2017-06-04,South,Furniture,558.69,16,0.12,48.5884,2017,6,22,301.96,4051.534,419.136,1701.6515000000004,1111.9370625
2017-06-18,South,Furniture,1700.196,18,0.1714285714285714,189.2134,2017,6,24,558.69,207.0,359.97,828.4405000000006,1035.6699999999998
2017-07-02,South,Furniture,293.072,5,0.2,-8.3096,2017,7,26,1700.196,2246.112,428.7039999999999,1201.7395000000006,1221.8704999999998
2017-07-09,South,Furniture,263.23,2,0.1,29.441699999999997,2017,7,27,293.072,301.96,1111.202,713.4795000000006,1200.3684999999998
2017-07-16,South,Furniture,1134.132,9,0.0666666666666666,180.189,2017,7,28,263.23,558.69,1168.8265,703.7970000000006,1202.7242499999998
2017-07-23,South,Furniture,319.644,10,0.0666666666666666,75.7218,2017,7,29,1134.132,1700.196,210.592,847.6575000000006,838.0489999999999
2017-07-30,South,Furniture,285.88,7,0.2,9.9022,2017,7,30,319.644,293.072,465.088,502.5195000000006,852.1294999999998
2017-08-06,South,Furniture,161.14,8,0.0,30.7104,2017,8,31,285.88,263.23,244.384,500.7215000000007,607.1004999999999
2017-08-13,South,Furniture,455.632,3,0.2,47.6604,2017,8,32,161.14,1134.132,4051.534,475.19900000000064,589.4979999999998
2017-08-27,South,Furniture,869.184,6,0.1,225.6816,2017,8,34,455.632,319.644,207.0,305.57400000000064,576.6157499999998
2017-09-10,South,Furniture,111.32,5,0.2,10.3148,2017,9,36,869.184,285.88,2246.112,442.95900000000063,472.7392499999998
2017-09-17,South,Furniture,758.424,5,0.1,194.2574,2017,9,37,111.32,161.14,301.96,399.3190000000006,450.0202499999998
2017-09-24,South,Furniture,20.32,4,0.0,6.9088,2017,9,38,758.424,455.632,558.69,548.6400000000006,511.91949999999974
2017-10-01,South,Furniture,419.136,4,0.2,-57.6312,2017,10,39,20.32,869.184,1700.196,439.8120000000006,372.69299999999976
2017-10-08,South,Furniture,2520.264,17,0.2333333333333333,-1026.6153,2017,10,40,419.136,111.32,293.072,327.30000000000064,385.1294999999997
2017-10-15,South,Furniture,1504.52,4,0.0,346.0396,2017,10,41,2520.264,758.424,263.23,929.5360000000007,664.4274999999998
2017-10-22,South,Furniture,2648.842,17,0.25,-914.9543,2017,10,42,1504.52,20.32,1134.132,1116.0600000000009,832.3499999999997
2017-10-29,South,Furniture,434.802,8,0.1,76.25489999999999,2017,10,43,2648.842,419.136,319.644,1773.1905000000008,1106.5012499999998
2017-11-05,South,Furniture,1549.616,9,0.15,110.8925,2017,11,44,434.802,2520.264,285.88,1777.1070000000007,1052.2034999999998
2017-11-12,South,Furniture,117.192,7,0.2,20.8107,2017,11,45,1549.616,1504.52,161.14,1534.4450000000006,1231.9904999999999
2017-11-19,South,Furniture,1381.08,14,0.1333333333333333,268.7048,2017,11,46,117.192,2648.842,455.632,1187.6130000000005,1151.8364999999997
2017-11-26,South,Furniture,1663.028,11,0.1,75.0366,2017,11,47,1381.08,434.802,869.184,870.6725000000007,1321.9314999999997
2017-12-03,South,Furniture,2975.53,16,0.2,-416.982,2017,12,48,1663.028,1549.616,111.32,1177.7290000000007,1477.4179999999997
2017-12-10,South,Furniture,116.244,11,0.0666666666666666,35.549400000000006,2017,12,49,2975.53,117.192,758.424,1534.2075000000007,1534.3262499999998
2017-12-17,South,Furniture,1291.559,12,0.2166666666666666,-351.363,2017,12,50,116.244,1381.08,20.32,1533.9705000000006,1360.7917499999999
2017-12-24,South,Furniture,1382.5,16,0.15,-134.19799999999998,2017,12,51,1291.559,1663.028,419.136,1511.5902500000007,1191.1313749999997
2017-12-31,South,Furniture,2093.02,20,0.04,560.8351,2017,12,52,1382.5,2975.53,2520.264,1441.4582500000006,1309.5936249999997
2014-04-27,West,Furniture,2020.57,13,0.1333333333333333,235.4145,2014,4,17,323.82,246.146,515.469,439.1692500000006,695.1038749999998
2014-05-04,West,Furniture,12.18,7,0.0,3.8976,2014,5,18,2020.57,778.6199999999999,19.3,882.7752500000006,931.4791249999997
2014-05-11,West,Furniture,256.784,1,0.2,32.098,2014,5,19,12.18,408.091,623.6659999999999,691.1652500000006,875.8056249999997
2014-05-18,West,Furniture,512.336,11,0.2,38.4252,2014,5,20,256.784,323.82,14.56,653.3385000000006,708.7366249999998
2014-06-01,West,Furniture,1083.082,14,0.1833333333333333,21.530399999999997,2014,6,22,512.336,2020.57,129.568,700.4675000000007,569.8183749999997
2014-06-08,West,Furniture,1174.752,15,0.0666666666666666,208.6836,2014,6,23,1083.082,12.18,457.568,466.09550000000064,674.4353749999998
2014-06-15,West,Furniture,1792.444,18,0.0666666666666666,113.6906,2014,6,24,1174.752,256.784,1593.336,756.7385000000006,723.9518749999997
2014-06-22,West,Furniture,6.24,3,0.0,2.6208,2014,6,25,1792.444,512.336,1623.6819999999998,1140.6535000000006,896.9959999999998
2014-06-29,West,Furniture,452.112,7,0.2,12.1572,2014,6,26,6.24,1083.082,246.146,1014.1295000000006,857.2984999999998
2014-07-06,West,Furniture,478.48,2,0.2,47.848,2014,7,27,452.112,1174.752,778.6199999999999,856.3870000000006,661.2412499999997
2014-07-13,West,Furniture,1795.025,14,0.19,-80.1022,2014,7,28,478.48,1792.444,408.091,682.3190000000005,719.5287499999998
2014-07-20,West,Furniture,302.156,7,0.1,-10.4264,2014,7,29,1795.025,6.24,323.82,682.9642500000007,911.8088749999997
2014-07-27,West,Furniture,2848.77,29,0.1428571428571428,129.2047,2014,7,30,302.156,452.112,2020.57,756.9432500000007,885.5363749999998
2014-08-03,West,Furniture,1586.59,10,0.25,98.01459999999996,2014,8,31,2848.77,478.48,12.18,1356.1077500000006,1106.247375
2014-08-10,West,Furniture,789.28,19,0.1333333333333333,109.9974,2014,8,32,1586.59,1795.025,256.784,1633.1352500000005,1157.7271249999997
2014-08-17,West,Furniture,292.926,8,0.0666666666666666,24.8508,2014,8,33,789.28,302.156,512.336,1381.6990000000005,1032.3316249999998
2014-08-24,West,Furniture,293.464,10,0.1,27.2988,2014,8,34,292.926,2848.77,1083.082,1379.3915000000006,1068.1673749999998
2014-08-31,West,Furniture,6.28,1,0.0,2.6376,2014,8,35,293.464,1586.59,1174.752,740.5650000000005,1048.3363749999999
2014-09-07,West,Furniture,41.88,6,0.0,12.1452,2014,9,36,6.28,789.28,1792.444,345.4875000000006,989.3113749999998
2014-09-14,West,Furniture,2605.1,16,0.1,297.9796,2014,9,37,41.88,292.926,6.24,158.63750000000056,770.1682499999998
2014-09-21,West,Furniture,109.255,3,0.25,-32.3981,2014,9,38,2605.1,293.464,452.112,736.6810000000005,1058.0362499999999
2014-09-28,West,Furniture,1771.039,13,0.1875,139.00560000000002,2014,9,39,109.255,6.28,478.48,690.6287500000005,715.5968749999997
2014-10-05,West,Furniture,2825.364,17,0.08,472.8026,2014,10,40,1771.039,41.88,1795.025,1131.8185000000003,738.6529999999998
2014-10-12,West,Furniture,666.2620000000001,23,0.15,-28.714200000000005,2014,10,41,2825.364,2605.1,302.156,1827.6895000000004,993.1634999999998
2014-10-19,West,Furniture,1298.55,5,0.0,311.652,2014,10,42,666.2620000000001,109.255,2848.77,1342.9800000000005,1039.8304999999998
2014-10-26,West,Furniture,63.92,4,0.0,3.196,2014,10,43,1298.55,1771.039,1586.59,1640.3037500000005,1165.4662499999997
2014-11-02,West,Furniture,763.35,9,0.175,-45.440999999999995,2014,11,44,63.92,2825.364,789.28,1213.5240000000006,1172.6712499999999
2014-11-09,West,Furniture,851.7739999999999,14,0.0875,-31.819199999999995,2014,11,45,763.35,666.2620000000001,292.926,698.0205000000005,1262.8549999999998
2014-11-16,West,Furniture,1754.7965,22,0.1071428571428571,172.7035,2014,11,46,851.7739999999999,1298.55,293.464,744.3985000000005,1043.6892499999997
2014-11-23,West,Furniture,1999.08,15,0.18,6.574600000000004,2014,11,47,1754.7965,63.92,6.28,858.4601250000005,1249.3819374999998
2014-11-30,West,Furniture,1432.988,16,0.11,69.27159999999999,2014,11,48,1999.08,763.35,41.88,1342.2501250000005,1277.8870624999997
2014-12-07,West,Furniture,333.69,4,0.25,-142.2858,2014,12,49,1432.988,851.7739999999999,2605.1,1509.6596250000005,1103.8400624999997
2014-12-14,West,Furniture,5845.1525,44,0.1045454545454545,353.25690000000003,2014,12,50,333.69,1754.7965,109.255,1380.1386250000005,1062.2685624999997
2014-12-21,West,Furniture,3888.348,25,0.15,257.84659999999997,2014,12,51,5845.1525,1999.08,1771.039,2402.7276250000004,1630.5938749999998
2014-12-28,West,Furniture,1299.142,26,0.1428571428571428,122.3767,2014,12,52,3888.348,1432.988,2825.364,2875.0446250000005,2108.6473749999996
2015-01-04,West,Furniture,95.46,11,0.0,32.2074,2015,1,1,1299.142,333.69,666.2620000000001,2841.5831250000006,2175.6213749999997
2015-01-11,West,Furniture,61.584,1,0.2,-6.9282,2015,1,2,95.46,5845.1525,1298.55,2782.0256250000007,2081.082125
2015-01-18,West,Furniture,542.45,13,0.0,130.994,2015,1,3,61.584,3888.348,63.92,1336.1335000000004,1869.4305624999997
2015-02-01,West,Furniture,3031.28,12,0.1,81.8496,2015,2,5,542.45,1299.142,763.35,499.65900000000045,1687.3518124999998
2015-02-08,West,Furniture,136.92,4,0.0,41.076,2015,2,6,3031.28,95.46,851.7739999999999,932.6935000000005,1887.1383124999998
2015-02-15,West,Furniture,203.92,5,0.2,22.941,2015,2,7,136.92,61.584,1754.7965,943.0585000000004,1862.5420624999997
2015-02-22,West,Furniture,35.544,1,0.2,-0.8886,2015,2,8,203.92,542.45,1999.08,978.6425000000005,1157.3879999999997
2015-03-01,West,Furniture,184.752,3,0.2,-20.7846,2015,3,9,35.544,3031.28,1432.988,851.9160000000004,675.7874999999998
2015-03-08,West,Furniture,1222.79,10,0.0,261.1385,2015,3,10,184.752,136.92,333.69,140.28400000000033,536.4887499999998
2015-03-15,West,Furniture,1384.856,14,0.0666666666666666,234.4744,2015,3,11,1222.79,203.92,5845.1525,411.7515000000003,677.4049999999997
2015-03-22,West,Furniture,307.05,5,0.0,78.4574,2015,3,12,1384.856,35.544,3888.348,706.9855000000002,842.8139999999999
2015-03-29,West,Furniture,3460.5,16,0.0,633.5559999999999,2015,3,13,307.05,184.752,1299.142,774.8620000000003,813.3889999999998
2015-04-05,West,Furniture,892.224,3,0.2,89.2224,2015,4,14,3460.5,1222.79,95.46,1593.7990000000004,867.0414999999998
2015-04-12,West,Furniture,369.912,3,0.2,-13.8717,2015,4,15,892.224,1384.856,61.584,1511.1575000000003,961.4544999999997
2015-04-19,West,Furniture,990.08,7,0.1333333333333333,-97.0118,2015,4,16,369.912,307.05,542.45,1257.4215000000004,982.2034999999997
2015-04-26,West,Furniture,63.936,3,0.2,6.3936,2015,4,17,990.08,3460.5,3031.28,1428.1790000000003,1101.5204999999999
2015-05-03,West,Furniture,665.88,6,0.0,106.5408,2015,5,18,63.936,892.224,136.92,579.0380000000004,1086.4184999999998
2015-05-17,West,Furniture,1644.7555,20,0.15,168.3751,2015,5,20,665.88,369.912,203.92,522.4520000000003,1016.8047499999998
2015-05-31,West,Furniture,1441.83,11,0.0,153.4405,2015,5,22,1644.7555,990.08,35.544,841.1628750000004,1049.2921874999997
2015-06-14,West,Furniture,355.36,4,0.0,92.3936,2015,6,24,1441.83,63.936,184.752,954.1003750000004,1191.1396874999998
2015-06-21,West,Furniture,750.52,23,0.12,99.82280000000002,2015,6,25,355.36,665.88,1222.79,1026.9563750000004,802.9971874999998
2015-06-28,West,Furniture,826.61,9,0.1,103.99,2015,6,26,750.52,1644.7555,1384.856,1048.1163750000003,785.2841874999998
2015-07-12,West,Furniture,170.352,3,0.2,-17.0352,2015,7,28,826.61,1441.83,307.05,843.5800000000003,842.3714374999997
2015-07-19,West,Furniture,2814.006,19,0.29,-296.12489999999997,2015,7,29,170.352,355.36,3460.5,525.7105000000004,739.9054374999998
2015-07-26,West,Furniture,1925.985,13,0.225,-106.6578,2015,7,30,2814.006,750.52,892.224,1140.3720000000003,1083.6641874999996
2015-08-02,West,Furniture,1287.756,13,0.2333333333333333,-362.2476,2015,8,31,1925.985,826.61,369.912,1434.2382500000003,1241.1773124999997
2015-08-09,West,Furniture,144.784,1,0.2,10.8588,2015,8,32,1287.756,170.352,990.08,1549.5247500000005,1196.5523749999998
2015-08-16,West,Furniture,135.79,10,0.0,38.5569,2015,8,33,144.784,2814.006,63.936,1543.1327500000004,1034.4216249999997
2015-08-23,West,Furniture,1130.406,9,0.175,75.2946,2015,8,34,135.79,1925.985,665.88,873.5787500000004,1006.9753749999996
2015-08-30,West,Furniture,352.61,5,0.1166666666666666,35.2922,2015,8,35,1130.406,1287.756,1644.7555,674.6840000000004,1054.4611249999998
2015-09-06,West,Furniture,2816.902,22,0.1416666666666666,326.579,2015,9,36,352.61,144.784,1441.83,440.8975000000004,995.2111249999997
2015-09-13,West,Furniture,1232.94,28,0.0666666666666666,201.1793,2015,9,37,2816.902,135.79,355.36,1108.9270000000004,1326.0298749999997
2015-09-20,West,Furniture,1168.126,13,0.05,139.8675,2015,9,38,1232.94,1130.406,750.52,1383.2145000000005,1128.3966249999999
2015-09-27,West,Furniture,2172.812,16,0.08,286.5654,2015,9,39,1168.126,352.61,826.61,1392.6445000000003,1033.6642499999998
2015-10-04,West,Furniture,131.698,3,0.175,21.4886,2015,10,40,2172.812,2816.902,170.352,1847.6950000000004,1144.2962499999999
2015-10-11,West,Furniture,865.498,13,0.275,-110.0024,2015,10,41,131.698,1232.94,2814.006,1176.3940000000002,1142.6604999999997
2015-10-18,West,Furniture,10.11,3,0.0,3.2352,2015,10,42,865.498,1168.126,1925.985,1084.5335000000002,1233.8739999999998
2015-10-25,West,Furniture,3020.444,46,0.1555555555555555,8.789000000000009,2015,10,43,10.11,2172.812,1287.756,795.0295000000002,1093.8369999999998
2015-11-01,West,Furniture,764.4570000000001,9,0.1833333333333333,43.9136,2015,11,44,3020.444,131.698,144.784,1006.9375000000002,1427.3162499999999
2015-11-08,West,Furniture,1948.309,21,0.0916666666666666,106.2727,2015,11,45,764.4570000000001,865.498,135.79,1165.1272500000002,1170.7606249999997
2015-11-15,West,Furniture,1963.864,21,0.15,97.3065,2015,11,46,1948.309,10.11,1130.406,1435.8300000000004,1260.1817499999997
2015-11-22,West,Furniture,2095.572,30,0.11,73.78760000000001,2015,11,47,1963.864,3020.444,352.61,1924.2685000000004,1359.6489999999997
2015-11-29,West,Furniture,363.68,9,0.1,40.0778,2015,11,48,2095.572,764.4570000000001,2816.902,1693.0505000000003,1349.9939999999997
2015-12-06,West,Furniture,7346.503000000001,49,0.0833333333333333,880.7502,2015,12,49,363.68,1948.309,1232.94,1592.8562500000003,1378.99175
2015-12-13,West,Furniture,1137.21,32,0.2571428571428571,-280.5938,2015,12,50,7346.503000000001,1963.864,1168.126,2942.4047500000006,2189.117375
2015-12-20,West,Furniture,332.39599999999996,10,0.1,32.248400000000004,2015,12,51,1137.21,2095.572,2172.812,2735.74125,2330.0048749999996
2015-12-27,West,Furniture,3099.98,26,0.275,-329.5354,2015,12,52,332.39599999999996,363.68,131.698,2294.94725,1993.9988749999998
2016-01-10,West,Furniture,104.77,9,0.0,42.0691,2016,1,1,3099.98,7346.503000000001,865.498,2979.022250000001,2285.93925
2016-01-24,West,Furniture,1336.946,21,0.1,129.2152,2016,1,3,104.77,1137.21,10.11,1168.5890000000004,2055.496875
2016-01-31,West,Furniture,483.748,5,0.1,-52.0628,2016,1,4,1336.946,332.39599999999996,3020.444,1218.5230000000001,1977.1321249999999
2016-02-07,West,Furniture,572.096,6,0.2,10.9228,2016,2,5,483.748,3099.98,764.4570000000001,1256.3610000000003,1775.6541249999998
2016-03-06,West,Furniture,35.28,3,0.0,11.9952,2016,3,9,572.096,104.77,1948.309,624.3900000000002,1801.706125
2016-03-13,West,Furniture,798.632,5,0.1,84.388,2016,3,10,35.28,1336.946,1963.864,607.0175000000003,887.8032499999998
2016-03-20,West,Furniture,1621.11,7,0.3666666666666667,-36.438,2016,3,11,798.632,483.748,2095.572,472.4390000000002,845.4809999999998
2016-03-27,West,Furniture,167.888,7,0.2,14.6902,2016,3,12,1621.11,572.096,363.68,756.7795000000002,1006.5702499999998
2016-04-10,West,Furniture,581.365,10,0.075,16.923000000000002,2016,4,14,167.888,35.28,7346.503000000001,655.7275000000002,640.0587499999998
2016-04-17,West,Furniture,3529.043,24,0.1916666666666666,99.2826,2016,4,15,581.365,798.632,1137.21,792.2487500000002,699.6331249999997
2016-04-24,West,Furniture,2653.51,20,0.225,-647.8524,2016,4,16,3529.043,1621.11,332.39599999999996,1474.8515000000002,973.6452499999998
2016-05-01,West,Furniture,153.45600000000002,9,0.2,24.9756,2016,5,17,2653.51,167.888,3099.98,1732.9515000000001,1244.8654999999999
2016-05-08,West,Furniture,2097.344,15,0.1,340.15340000000003,2016,5,18,153.45600000000002,581.365,104.77,1729.3435000000002,1192.5355
2016-05-22,West,Furniture,1332.04,9,0.0,292.59079999999994,2016,5,20,2097.344,3529.043,1336.946,2108.3382500000002,1450.2934999999998
2016-05-29,West,Furniture,521.754,9,0.1,-68.5212,2016,5,21,1332.04,2653.51,483.748,1559.0875000000005,1516.9695
2016-06-05,West,Furniture,1040.496,12,0.1333333333333333,60.0696,2016,6,22,521.754,153.45600000000002,572.096,1026.1485000000002,1379.5499999999997
2016-06-12,West,Furniture,2360.744,10,0.2,-169.4317,2016,6,23,1040.496,2097.344,35.28,1247.9085000000002,1488.626
2016-06-19,West,Furniture,4005.707,31,0.1285714285714286,509.8753,2016,6,24,2360.744,1332.04,798.632,1313.7585000000004,1711.0483749999999
2016-06-26,West,Furniture,183.70800000000003,5,0.1,-1.6578,2016,6,25,4005.707,521.754,1621.11,1982.1752500000002,1770.6313749999997
2016-07-03,West,Furniture,195.184,1,0.2,19.5184,2016,7,26,183.70800000000003,1040.496,167.888,1897.6637500000002,1461.9061249999997
2016-07-10,West,Furniture,2496.4629999999997,27,0.0916666666666666,387.3024,2016,7,27,195.184,2360.744,581.365,1686.3357500000002,1467.1221249999996
2016-07-17,West,Furniture,298.25,15,0.05,48.5532,2016,7,28,2496.4629999999997,4005.707,3529.043,1720.2655,1517.0119999999997
2016-07-24,West,Furniture,1398.36,6,0.2,51.48,2016,7,29,298.25,183.70800000000003,2653.51,793.4012500000001,1387.7882499999996
2016-07-31,West,Furniture,1429.756,22,0.1,90.4625,2016,7,30,1398.36,195.184,153.45600000000002,1097.0642500000001,1497.3639999999998
2016-08-07,West,Furniture,136.464,2,0.2,15.3522,2016,8,31,1429.756,2496.4629999999997,2097.344,1405.70725,1546.0214999999996
2016-08-14,West,Furniture,513.024,2,0.2,12.8256,2016,8,32,136.464,298.25,1332.04,815.7075000000002,1267.9864999999995
2016-08-21,West,Furniture,3360.366,14,0.1333333333333333,236.2212,2016,8,33,513.024,1398.36,521.754,869.4010000000003,831.4011249999998
2016-08-28,West,Furniture,2234.168,13,0.2,70.076,2016,8,34,3360.366,1429.756,1040.496,1359.9025000000004,1228.4833749999998
2016-09-04,West,Furniture,950.694,22,0.08,81.7119,2016,9,35,2234.168,136.464,2360.744,1561.0055000000002,1483.3563749999998
2016-09-11,West,Furniture,189.17,2,0.1,1.8857,2016,9,36,950.694,513.024,4005.707,1764.5630000000003,1290.1352499999998
2016-09-18,West,Furniture,3783.312,29,0.1722222222222222,270.1084,2016,9,37,189.17,3360.366,183.70800000000003,1683.5995000000003,1276.5002499999998
2016-09-25,West,Furniture,2418.911,33,0.1833333333333333,56.1916,2016,9,38,3783.312,2234.168,195.184,1789.3360000000002,1574.6192499999997
2016-10-02,West,Furniture,619.8054999999999,9,0.175,32.176,2016,10,39,2418.911,950.694,2496.4629999999997,1835.5217500000003,1698.2636249999998
2016-10-09,West,Furniture,1084.704,6,0.2,102.9528,2016,10,40,619.8054999999999,189.17,298.25,1752.799625,1758.6813124999999
2016-10-16,West,Furniture,1007.196,26,0.3199999999999999,-617.7664,2016,10,41,1084.704,3783.312,1398.36,1976.6831250000002,1830.1413124999997
2016-10-23,West,Furniture,1179.758,19,0.125,39.7698,2016,10,42,1007.196,2418.911,1429.756,1282.6541250000002,1535.9950624999997
2016-11-06,West,Furniture,3058.682,28,0.1333333333333333,7.508499999999998,2016,11,44,1179.758,619.8054999999999,136.464,972.8658750000002,1404.1938124999997
2016-11-13,West,Furniture,3293.54,32,0.06,314.3154,2016,11,45,3058.682,1084.704,513.024,1582.585,1667.6923124999998
2016-11-20,West,Furniture,31.96,2,0.0,1.598,2016,11,46,3293.54,1007.196,3360.366,2134.7940000000003,2055.7385624999997
2016-11-27,West,Furniture,6168.484,32,0.1071428571428571,712.6448,2016,11,47,31.96,1179.758,2234.168,1890.9850000000001,1586.8195624999996
2016-12-04,West,Furniture,649.49,18,0.0583333333333333,57.7068,2016,12,48,6168.484,3058.682,950.694,3138.1665000000003,2055.5161875
2016-12-11,West,Furniture,3418.008,29,0.1666666666666666,-56.35460000000002,2016,12,49,649.49,3293.54,189.17,2535.8685,2059.22675
2016-12-18,West,Furniture,5326.941,45,0.18,-654.0499,2016,12,50,3418.008,31.96,3783.312,2566.9855000000002,2350.88975
2016-12-25,West,Furniture,3948.249,39,0.18,682.1906,2016,12,51,5326.941,6168.484,2418.911,3890.7307499999997,2890.8578749999997
2017-01-01,West,Furniture,1523.494,17,0.1333333333333333,227.6241,2017,1,52,3948.249,649.49,619.8054999999999,3335.6719999999996,3236.9192499999995
2017-01-08,West,Furniture,892.98,2,0.0,80.3682,2017,1,1,1523.494,3418.008,1084.704,3554.173,3045.0207499999997
2017-01-22,West,Furniture,512.572,12,0.0666666666666666,11.8047,2017,1,3,892.98,5326.941,1007.196,2922.916,2744.9507499999995
2017-01-29,West,Furniture,37.74,3,0.0,12.8316,2017,1,4,512.572,3948.249,1179.758,1719.3237500000002,2805.0272499999996
2017-02-05,West,Furniture,417.624,5,0.0666666666666666,28.375,2017,2,5,37.74,1523.494,3058.682,741.6965000000002,2038.6842499999998
2017-02-12,West,Furniture,1188.2389999999998,10,0.1166666666666666,131.6986,2017,2,6,417.624,892.98,3293.54,465.22900000000027,2009.7009999999996
2017-02-19,West,Furniture,152.2,4,0.0,33.566900000000004,2017,2,7,1188.2389999999998,512.572,31.96,539.0437500000002,1730.9798749999998
2017-02-26,West,Furniture,1462.028,17,0.18,-57.208100000000016,2017,2,8,152.2,37.74,6168.484,448.95075000000014,1084.1372499999998
2017-03-05,West,Furniture,570.024,10,0.2,-32.0229,2017,3,9,1462.028,417.624,649.49,805.0227500000002,773.3596249999998
2017-03-19,West,Furniture,728.0899999999999,6,0.1,21.3958,2017,3,11,570.024,1188.2389999999998,3418.008,843.1227500000001,654.1758749999998
2017-03-26,West,Furniture,233.98,11,0.0,82.68299999999999,2017,3,12,728.0899999999999,152.2,5326.941,728.0855000000003,633.5646249999998
2017-04-02,West,Furniture,650.014,24,0.03,148.2302,2017,4,13,233.98,1462.028,3948.249,748.5305000000003,598.7406249999997
2017-04-16,West,Furniture,735.987,12,0.1166666666666666,26.4614,2017,4,15,650.014,570.024,1523.494,545.5270000000003,675.2748749999997
2017-04-23,West,Furniture,501.396,20,0.0666666666666666,59.11900000000001,2017,4,16,735.987,728.0899999999999,892.98,587.0177500000002,715.0702499999998
2017-04-30,West,Furniture,549.521,16,0.0499999999999999,88.9294,2017,4,17,501.396,233.98,512.572,530.3442500000002,629.2148749999998
2017-05-07,West,Furniture,390.895,4,0.4499999999999999,-141.70080000000002,2017,5,18,549.521,650.014,37.74,609.2295000000003,678.8799999999998
2017-05-14,West,Furniture,800.589,15,0.2249999999999999,-298.3476,2017,5,19,390.895,735.987,417.624,544.4497500000002,544.9883749999998
2017-05-21,West,Furniture,1510.204,26,0.1333333333333333,-4.934400000000004,2017,5,20,800.589,501.396,1188.2389999999998,560.6002500000002,573.8089999999997
2017-05-28,West,Furniture,206.288,7,0.1,8.276699999999998,2017,5,21,1510.204,549.521,152.2,812.8022500000002,671.5732499999997
2017-06-04,West,Furniture,13.592,1,0.2,-0.3398,2017,6,22,206.288,390.895,1462.028,726.9940000000004,668.1117499999998
2017-06-11,West,Furniture,2471.993,12,0.1,189.8496,2017,6,23,13.592,800.589,570.024,632.6682500000002,588.5589999999997
2017-06-18,West,Furniture,2577.2695,23,0.1375,187.6663,2017,6,24,2471.993,1510.204,728.0899999999999,1050.5192500000003,805.5597499999998
2017-06-25,West,Furniture,921.72,8,0.0,169.2724,2017,6,25,2577.2695,206.288,233.98,1317.2856250000002,1065.0439374999999
2017-07-02,West,Furniture,562.299,6,0.075,45.5454,2017,7,26,921.72,13.592,650.014,1496.1436250000004,1111.5688124999997
2017-07-09,West,Furniture,1157.576,25,0.0333333333333333,322.1094,2017,7,27,562.299,2471.993,735.987,1633.3203750000002,1132.9943124999998
2017-07-16,West,Furniture,295.53,6,0.0,57.717,2017,7,28,1157.576,2577.2695,501.396,1304.7161250000001,1177.6176874999996
2017-07-23,West,Furniture,2694.605,17,0.25,-248.4301,2017,7,29,295.53,921.72,549.521,734.2812500000002,1025.7834374999998
2017-07-30,West,Furniture,502.192,8,0.0666666666666666,81.3124,2017,7,30,2694.605,562.299,390.895,1177.5025000000003,1336.8230624999997
2017-08-06,West,Furniture,160.92,10,0.0,22.613999999999997,2017,8,31,502.192,1157.576,800.589,1162.47575,1397.8980624999997
2017-08-13,West,Furniture,313.854,6,0.0666666666666666,61.1942,2017,8,32,160.92,295.53,1510.204,913.3117500000002,1109.0139374999997
2017-08-20,West,Furniture,484.236,6,0.1,27.6483,2017,8,33,313.854,2694.605,206.288,917.8927500000001,826.0869999999999
2017-08-27,West,Furniture,1869.428,30,0.15,242.8519,2017,8,34,484.236,502.192,13.592,365.3005000000002,771.4014999999998
2017-09-03,West,Furniture,3342.568,26,0.09375,485.6715,2017,9,35,1869.428,160.92,2471.993,707.1095000000003,934.7926249999998
2017-09-10,West,Furniture,3742.284,34,0.1111111111111111,32.94879999999999,2017,9,36,3342.568,313.854,2577.2695,1502.5215000000003,1207.9166249999998
2017-09-17,West,Furniture,4799.408,31,0.1111111111111111,454.3773,2017,9,37,3742.284,484.236,921.72,2359.6290000000004,1638.7608749999997
2017-09-24,West,Furniture,1486.336,27,0.3333333333333333,-172.5648,2017,9,38,4799.408,1869.428,562.299,3438.4220000000005,1901.86125
2017-10-01,West,Furniture,735.55,16,0.1142857142857143,35.6978,2017,10,39,1486.336,3342.568,1157.576,3342.6490000000003,2024.87925
2017-10-08,West,Furniture,1470.558,27,0.18125,-424.4483,2017,10,40,735.55,3742.284,295.53,2690.8945000000003,2096.708
2017-10-15,West,Furniture,542.42,6,0.0666666666666666,19.3826,2017,10,41,1470.558,4799.408,2694.605,2122.963,2241.2960000000003
2017-10-22,West,Furniture,1289.769,15,0.22,-94.582,2017,10,42,542.42,1486.336,502.192,1058.716,2248.569
2017-10-29,West,Furniture,746.241,6,0.175,16.0278,2017,10,43,1289.769,735.55,160.92,1009.5742499999999,2176.111625
2017-11-05,West,Furniture,6192.15,50,0.1090909090909091,363.6827,2017,11,44,746.241,1470.558,313.854,1012.247,1851.5707499999999
2017-11-12,West,Furniture,4684.582,38,0.1272727272727273,200.75689999999997,2017,11,45,6192.15,542.42,484.236,2192.645,2157.804
2017-11-19,West,Furniture,3034.5620000000004,20,0.0571428571428571,242.9758,2017,11,46,4684.582,1289.769,1869.428,3228.1855,2143.45075
2017-11-26,West,Furniture,1192.167,16,0.125,-31.2198,2017,11,47,3034.5620000000004,746.241,3342.568,3664.38375,2336.979
2017-12-03,West,Furniture,4281.99,68,0.1461538461538461,46.57509999999995,2017,12,48,1192.167,6192.15,3742.284,3775.86525,2394.056125
2017-12-10,West,Furniture,5497.406,45,0.1125,110.4733,2017,12,49,4281.99,4684.582,4799.408,3298.32525,2745.4851249999997
2017-12-17,West,Furniture,447.772,20,0.0666666666666666,97.9313,2017,12,50,5497.406,3034.5620000000004,1486.336,3501.53125,3364.858375
2017-12-24,West,Furniture,1268.681,22,0.325,-220.1802,2017,12,51,447.772,1192.167,735.55,2854.8337500000002,3259.6087499999994
2017-12-31,West,Furniture,911.252,22,0.08,-17.360400000000002,2017,12,52,1268.681,4281.99,1470.558,2873.96225,3324.9137499999997
